2025-12-09 14:50:53,BUY,NSE_EQ:POCL,1311.3,317,0.0,5000000.0,Signal
2025-12-09 14:50:54,BUY,NSE_EQ:MOREPENLAB,41.37,10071,0.0,5000000.0,Signal
2025-12-09 14:50:59,SELL,NSE_EQ:MOREPENLAB,41.33,10071,-402.84,4999597.16,Stop Hit 41.3474068654082
2025-12-09 14:51:02,BUY,NSE_EQ:MOREPENLAB,41.39,10066,0.0,5000000.0,Signal
2025-12-09 14:51:08,SELL,NSE_EQ:MOREPENLAB,41.32,10066,-704.62,4999295.38,Stop Hit 41.3474068654082
2025-12-09 14:51:51,BUY,NSE_EQ:63MOONS,771.5,540,0.0,5000000.0,Signal
2025-12-09 14:52:38,SELL,NSE_EQ:63MOONS,771.5,540,0.0,5000000.0,Stop Hit 771.6549210416591
2025-12-09 14:55:04,BUY,NSE_EQ:KITEX,200.2,2081,0.0,5000000.0,Signal
2025-12-09 14:55:23,SELL,NSE_EQ:KITEX,200.15,2081,-104.05,4999895.95,Stop Hit 200.19793168283366
2025-12-09 14:55:27,BUY,NSE_EQ:GOLDIAM,375.8,1108,0.0,5000000.0,Signal
2025-12-09 14:56:55,SELL,NSE_EQ:GOLDIAM,375.1,1108,-775.6,4999224.4,Stop Hit 375.2204766706422
2025-12-09 15:00:20,BUY,NSE_EQ:MOREPENLAB,41.37,10071,0.0,5000000.0,Signal
2025-12-09 15:00:38,BUY,NSE_EQ:63MOONS,772.0,539,0.0,5000000.0,Signal
2025-12-09 15:01:28,BUY,NSE_EQ:HCC,18.55,22461,0.0,5000000.0,Signal
2025-12-09 15:02:13,SELL,NSE_EQ:63MOONS,770.55,539,-781.55,4999218.45,Stop Hit 771.6282301117891
2025-12-09 15:02:19,BUY,NSE_EQ:DOLATALGO,82.72,5037,0.0,5000000.0,Signal
2025-12-09 15:03:26,BUY,NSE_EQ:RELIANCE,1529.0,272,0.0,5000000.0,Signal
2025-12-09 15:03:28,SELL,NSE_EQ:RELIANCE,1528.9,272,-27.2,4999972.8,Stop Hit 1528.9737000828347
2025-12-09 15:03:29,BUY,NSE_EQ:RELIANCE,1529.0,272,0.0,5000000.0,Signal
2025-12-09 15:03:34,SELL,NSE_EQ:RELIANCE,1528.9,272,-27.2,4999972.8,Stop Hit 1528.9737000828347
2025-12-09 15:03:36,BUY,NSE_EQ:RELIANCE,1529.0,272,0.0,5000000.0,Signal
2025-12-09 15:03:37,SELL,NSE_EQ:RELIANCE,1528.9,272,-27.2,4999972.8,Stop Hit 1528.9737000828347
2025-12-09 15:03:37,BUY,NSE_EQ:RELIANCE,1529.0,272,0.0,5000000.0,Signal
2025-12-09 15:03:40,SELL,NSE_EQ:RELIANCE,1528.9,272,-27.2,4999972.8,Stop Hit 1528.9737000828347
2025-12-09 15:03:41,BUY,NSE_EQ:RELIANCE,1529.0,272,0.0,5000000.0,Signal
2025-12-09 15:03:42,SELL,NSE_EQ:RELIANCE,1528.9,272,-27.2,4999972.8,Stop Hit 1528.9737000828347
2025-12-09 15:10:56,BUY,NSE_EQ:63MOONS,771.7,539,0.0,5000000.0,Signal
2025-12-09 15:11:05,SELL,NSE_EQ:63MOONS,770.45,539,-673.75,4999326.25,Stop Hit 771.6229740790243
2025-12-09 15:11:22,BUY,NSE_EQ:63MOONS,771.7,539,0.0,5000000.0,Signal
2025-12-09 15:12:13,BUY,NSE_EQ:RELIANCE,1528.8,272,0.0,5000000.0,Signal
2025-12-09 15:12:13,SELL,NSE_EQ:RELIANCE,1528.6,272,-54.4,4999945.6,Stop Hit 1528.764835450063
2025-12-09 15:13:06,BUY,NSE_EQ:RELIANCE,1528.8,272,0.0,5000000.0,Signal
2025-12-09 15:13:07,SELL,NSE_EQ:RELIANCE,1528.7,272,-27.2,4999972.8,Stop Hit 1528.764835450063
2025-12-09 15:13:23,BUY,NSE_EQ:RELIANCE,1528.8,272,0.0,5000000.0,Signal
2025-12-09 15:13:24,SELL,NSE_EQ:RELIANCE,1528.7,272,-27.2,4999972.8,Stop Hit 1528.764835450063
2025-12-09 15:16:17,SELL,NSE_EQ:63MOONS,771.65,539,-26.95,4999973.05,Stop Hit 771.6949278746326
2025-12-09 15:16:44,SELL,NSE_EQ:MOREPENLAB,41.33,10071,-402.84,4999597.16,Stop Hit 41.340036892203145
2025-12-09 15:18:33,SELL,NSE_EQ:DOLATALGO,85.43,5037,13650.27,5013650.27,Stop Hit 85.53113308483105
2025-12-09 15:20:04,BUY,NSE_EQ:MOREPENLAB,41.38,10069,0.0,5000000.0,Signal
2025-12-09 15:20:32,SELL,NSE_EQ:POCL,1310.1,317,-380.4,4999619.6,Stop Hit 1310.7747806286063
2025-12-09 15:22:04,BUY,NSE_EQ:POCL,1311.7,317,0.0,5000000.0,Signal
2025-12-09 15:24:39,BUY,NSE_EQ:GOLDIAM,375.35,1110,0.0,5000000.0,Signal
2025-12-09 15:26:04,SELL,NSE_EQ:GOLDIAM,374.85,1110,-555.0,4999445.0,Stop Hit 374.86743799859147
2025-12-09 15:27:27,BUY,NSE_EQ:GOLDIAM,374.65,1112,0.0,5000000.0,Signal
2025-12-09 15:27:36,SELL,NSE_EQ:GOLDIAM,374.45,1112,-222.4,4999777.6,Stop Hit 374.629538409353
2025-12-09 15:28:37,BUY,NSE_EQ:GOLDIAM,374.85,1111,0.0,5000000.0,Signal
2025-12-09 15:28:46,SELL,NSE_EQ:GOLDIAM,374.4,1111,-499.95,4999500.05,Stop Hit 374.629538409353
2025-12-09 15:29:31,SELL,NSE_EQ:POCL,1307.0,317,-1489.9,4998510.1,Stop Hit 1309.4637926524863
2025-12-10 09:20:17,SELL,NSE_EQ:HCC,18.44,22461,-2470.71,4997529.29,Stop Hit 18.44546803408529
2025-12-10 10:02:03,BUY,NSE_EQ:RELIANCE,1535.0,271,0.0,5000000.0,Signal
2025-12-10 10:02:07,SELL,NSE_EQ:RELIANCE,1534.7,271,-81.3,4999918.7,Stop Hit 1534.784408147829
2025-12-10 10:02:13,BUY,NSE_EQ:RELIANCE,1535.0,271,0.0,5000000.0,Signal
2025-12-10 10:04:18,BUY,NSE_EQ:HCC,18.56,22449,0.0,5000000.0,Signal
2025-12-10 10:33:16,BUY,NSE_EQ:KITEX,202.46,2058,0.0,5000000.0,Signal
2025-12-10 10:33:18,SELL,NSE_EQ:KITEX,202.27,2058,-391.02,4999608.98,Stop Hit 202.3054746285091
2025-12-10 10:36:02,BUY,NSE_EQ:MARUTI,16063.0,25,0.0,5000000.0,Signal
2025-12-10 10:37:55,SELL,NSE_EQ:HCC,18.49,22449,-1571.43,4998428.57,Stop Hit 18.49248649496103
2025-12-10 10:43:03,BUY,NSE_EQ:POCL,1328.0,313,0.0,5000000.0,Signal
2025-12-10 10:45:53,SELL,NSE_EQ:MARUTI,16056.0,25,-175.0,4999825.0,Stop Hit 16056.612119421548
2025-12-10 10:51:16,SELL,NSE_EQ:MOREPENLAB,41.73,10069,3524.15,5003524.15,Stop Hit 41.738141507465706
2025-12-10 10:55:56,SELL,NSE_EQ:POCL,1323.0,313,-1565.0,4998435.0,Stop Hit 1323.6895541452798
2025-12-10 10:58:13,BUY,NSE_EQ:POCL,1327.0,313,0.0,5000000.0,Signal
2025-12-10 10:59:30,BUY,NSE_EQ:SUVEN,171.84,2424,0.0,5000000.0,Signal
2025-12-10 11:00:38,SELL,NSE_EQ:SUVEN,171.37,2424,-1139.28,4998860.72,Stop Hit 171.6307294818346
2025-12-10 11:01:33,SELL,NSE_EQ:POCL,1323.6,313,-1064.2,4998935.8,Stop Hit 1323.740707775797
2025-12-10 11:03:33,BUY,NSE_EQ:KITEX,201.35,2069,0.0,5000000.0,Signal
2025-12-10 11:03:41,SELL,NSE_EQ:KITEX,201.29,2069,-124.14,4999875.86,Stop Hit 201.33204163726842
2025-12-10 11:04:23,BUY,NSE_EQ:SUVEN,171.95,2423,0.0,5000000.0,Signal
2025-12-10 11:04:44,SELL,NSE_EQ:SUVEN,171.51,2423,-1066.12,4998933.88,Stop Hit 171.60403244096642
2025-12-10 11:05:41,BUY,NSE_EQ:SUVEN,171.69,2426,0.0,5000000.0,Signal
2025-12-10 11:05:57,SELL,NSE_EQ:SUVEN,171.36,2426,-800.58,4999199.42,Stop Hit 171.54130516794154
2025-12-10 11:31:10,BUY,NSE_EQ:MARUTI,16027.0,25,0.0,5000000.0,Signal
2025-12-10 11:31:10,SELL,NSE_EQ:MARUTI,16024.0,25,-75.0,4999925.0,Stop Hit 16026.169714464606
2025-12-10 11:31:16,BUY,NSE_EQ:MARUTI,16027.0,25,0.0,5000000.0,Signal
2025-12-10 11:31:18,SELL,NSE_EQ:MARUTI,16025.0,25,-50.0,4999950.0,Stop Hit 16026.169714464606
2025-12-10 11:31:19,BUY,NSE_EQ:MARUTI,16034.0,25,0.0,5000000.0,Signal
2025-12-10 11:34:53,SELL,NSE_EQ:MARUTI,16025.0,25,-225.0,4999775.0,Stop Hit 16026.169714464606
2025-12-10 11:34:53,BUY,NSE_EQ:MARUTI,16025.0,26,0.0,5000000.0,Signal
2025-12-10 11:35:02,SELL,NSE_EQ:MARUTI,16024.0,26,-26.0,4999974.0,Stop Hit 16024.562826621193
2025-12-10 11:35:04,BUY,NSE_EQ:MARUTI,16026.0,25,0.0,5000000.0,Signal
2025-12-10 11:36:13,SELL,NSE_EQ:MARUTI,16024.0,25,-50.0,4999950.0,Stop Hit 16024.562826621193
2025-12-10 11:37:15,BUY,NSE_EQ:MARUTI,16034.0,25,0.0,5000000.0,Signal
2025-12-10 11:46:26,BUY,NSE_EQ:KITEX,200.81,2074,0.0,5000000.0,Signal
2025-12-10 11:46:52,BUY,NSE_EQ:63MOONS,770.9,540,0.0,5000000.0,Signal
2025-12-10 11:47:24,SELL,NSE_EQ:RELIANCE,1542.0,271,1897.0,5001897.0,Stop Hit 1542.0398131194754
2025-12-10 11:49:58,SELL,NSE_EQ:63MOONS,770.6,540,-162.0,4999838.0,Stop Hit 770.7950648995296
2025-12-10 11:49:59,BUY,NSE_EQ:63MOONS,770.6,540,0.0,5000000.0,Signal
2025-12-10 11:53:05,BUY,NSE_EQ:RELIANCE,1542.4,270,0.0,5000000.0,Signal
2025-12-10 11:56:26,BUY,NSE_EQ:SUVEN,171.39,2431,0.0,5000000.0,Signal
2025-12-10 12:01:30,SELL,NSE_EQ:RELIANCE,1540.8,270,-432.0,4999568.0,Stop Hit 1541.3923529212339
2025-12-10 12:05:46,BUY,NSE_EQ:RELIANCE,1541.5,270,0.0,5000000.0,Signal
2025-12-10 12:06:07,SELL,NSE_EQ:63MOONS,769.05,540,-837.0,4999163.0,Stop Hit 769.9205192037593
2025-12-10 12:06:15,BUY,NSE_EQ:HCC,18.24,22843,0.0,5000000.0,Signal
2025-12-10 12:07:17,BUY,NSE_EQ:63MOONS,772.0,539,0.0,5000000.0,Signal
2025-12-10 12:09:03,BUY,NSE_EQ:POCL,1320.9,315,0.0,5000000.0,Signal
2025-12-10 12:09:16,SELL,NSE_EQ:RELIANCE,1541.1,270,-108.0,4999892.0,Stop Hit 1541.1759649781281
2025-12-10 12:10:14,SELL,NSE_EQ:HCC,18.22,22843,-456.86,4999543.14,Stop Hit 18.237315177766757
2025-12-10 12:11:16,SELL,NSE_EQ:POCL,1315.6,315,-1669.5,4998330.5,Stop Hit 1316.0388623931728
2025-12-10 12:13:07,BUY,NSE_EQ:HCC,18.23,22856,0.0,5000000.0,Signal
2025-12-10 12:14:56,SELL,NSE_EQ:HCC,18.22,22856,-228.56,4999771.44,Stop Hit 18.225425982462923
2025-12-10 12:15:02,BUY,NSE_EQ:HCC,18.24,22843,0.0,5000000.0,Signal
2025-12-10 12:16:07,SELL,NSE_EQ:SUVEN,171.09,2431,-729.3,4999270.7,Stop Hit 171.095028568885
2025-12-10 12:17:29,BUY,NSE_EQ:SUVEN,171.16,2434,0.0,5000000.0,Signal
2025-12-10 12:17:30,SELL,NSE_EQ:HCC,18.22,22843,-456.86,4999543.14,Stop Hit 18.22757604111464
2025-12-10 12:19:27,BUY,NSE_EQ:GOLDIAM,376.2,1107,0.0,5000000.0,Signal
2025-12-10 12:20:17,BUY,NSE_EQ:POCL,1315.5,316,0.0,5000000.0,Signal
2025-12-10 12:22:01,BUY,NSE_EQ:HCC,18.24,22843,0.0,5000000.0,Signal
2025-12-10 12:22:18,SELL,NSE_EQ:HCC,18.23,22843,-228.43,4999771.57,Stop Hit 18.231466261359213
2025-12-10 12:24:15,SELL,NSE_EQ:KITEX,200.25,2074,-1161.44,4998838.56,Stop Hit 200.34521942956505
2025-12-10 12:25:07,BUY,NSE_EQ:KITEX,200.49,2078,0.0,5000000.0,Signal
2025-12-10 12:25:51,SELL,NSE_EQ:SUVEN,171.0,2434,-389.44,4999610.56,Stop Hit 171.08548311432472
2025-12-10 12:28:17,BUY,NSE_EQ:HCC,18.24,22843,0.0,5000000.0,Signal
2025-12-10 12:28:38,BUY,NSE_EQ:DOLATALGO,90.97,4580,0.0,5000000.0,Signal
2025-12-10 12:30:31,SELL,NSE_EQ:POCL,1311.8,316,-1169.2,4998830.8,Stop Hit 1313.1429822100474
2025-12-10 12:31:11,SELL,NSE_EQ:HCC,18.18,22843,-1370.58,4998629.42,Stop Hit 18.19252870658543
2025-12-10 12:34:18,BUY,NSE_EQ:SUVEN,171.27,2432,0.0,5000000.0,Signal
2025-12-10 12:35:53,SELL,NSE_EQ:SUVEN,170.75,2432,-1264.64,4998735.36,Stop Hit 170.77082832993966
2025-12-10 12:37:44,SELL,NSE_EQ:GOLDIAM,375.35,1107,-940.95,4999059.05,Stop Hit 375.4944103017487
2025-12-10 12:37:51,SELL,NSE_EQ:63MOONS,768.0,539,-2156.0,4997844.0,Stop Hit 768.7532757981775
2025-12-10 12:38:36,SELL,NSE_EQ:DOLATALGO,90.29,4580,-3114.4,4996885.6,Stop Hit 90.65633585325848
2025-12-10 12:40:19,BUY,NSE_EQ:HCC,18.14,22969,0.0,5000000.0,Signal
2025-12-10 12:40:23,SELL,NSE_EQ:HCC,18.13,22969,-229.69,4999770.31,Stop Hit 18.134088108830493
2025-12-10 12:40:29,BUY,NSE_EQ:HCC,18.14,22969,0.0,5000000.0,Signal
2025-12-10 12:40:33,SELL,NSE_EQ:HCC,18.13,22969,-229.69,4999770.31,Stop Hit 18.134088108830493
2025-12-10 12:40:52,SELL,NSE_EQ:KITEX,200.06,2078,-893.54,4999106.46,Stop Hit 200.18554462370093
2025-12-10 12:41:10,BUY,NSE_EQ:HCC,18.15,22956,0.0,5000000.0,Signal
2025-12-10 12:41:13,SELL,NSE_EQ:HCC,18.13,22956,-459.12,4999540.88,Stop Hit 18.134088108830493
2025-12-10 12:41:18,BUY,NSE_EQ:63MOONS,768.85,541,0.0,5000000.0,Signal
2025-12-10 12:41:18,BUY,NSE_EQ:GOLDIAM,375.3,1110,0.0,5000000.0,Signal
2025-12-10 12:41:19,BUY,NSE_EQ:HCC,18.15,22956,0.0,5000000.0,Signal
2025-12-10 12:41:22,SELL,NSE_EQ:HCC,18.13,22956,-459.12,4999540.88,Stop Hit 18.134088108830493
2025-12-10 12:41:28,BUY,NSE_EQ:HCC,18.13,22982,0.0,5000000.0,Signal
2025-12-10 12:42:58,SELL,NSE_EQ:HCC,18.12,22982,-229.82,4999770.18,Stop Hit 18.129997199735204
2025-12-10 12:43:04,BUY,NSE_EQ:HCC,18.13,22982,0.0,5000000.0,Signal
2025-12-10 12:43:21,SELL,NSE_EQ:63MOONS,767.0,541,-1000.85,4998999.15,Stop Hit 767.6623537503589
2025-12-10 12:43:29,SELL,NSE_EQ:HCC,18.13,22982,0.0,5000000.0,Stop Hit 18.133179145205037
2025-12-10 12:45:12,SELL,NSE_EQ:GOLDIAM,374.5,1110,-888.0,4999112.0,Stop Hit 374.68910844319157
2025-12-10 12:46:39,BUY,NSE_EQ:HCC,18.16,22944,0.0,5000000.0,Signal
2025-12-10 12:47:09,BUY,NSE_EQ:KITEX,200.18,2081,0.0,5000000.0,Signal
2025-12-10 12:47:18,BUY,NSE_EQ:63MOONS,769.0,541,0.0,5000000.0,Signal
2025-12-10 12:47:19,BUY,NSE_EQ:SUVEN,170.74,2440,0.0,5000000.0,Signal
2025-12-10 12:48:10,SELL,NSE_EQ:KITEX,200.01,2081,-353.77,4999646.23,Stop Hit 200.17860010697544
2025-12-10 12:52:06,BUY,NSE_EQ:GOLDIAM,374.75,1111,0.0,5000000.0,Signal
2025-12-10 12:54:48,SELL,NSE_EQ:63MOONS,767.55,541,-784.45,4999215.55,Stop Hit 767.671277055049
2025-12-10 12:55:20,SELL,NSE_EQ:GOLDIAM,374.75,1111,0.0,5000000.0,Stop Hit 374.78342735404857
2025-12-10 12:55:25,SELL,NSE_EQ:SUVEN,170.32,2440,-1024.8,4998975.2,Stop Hit 170.59377425811692
2025-12-10 12:56:17,BUY,NSE_EQ:RELIANCE,1538.4,270,0.0,5000000.0,Signal
2025-12-10 12:56:18,SELL,NSE_EQ:RELIANCE,1538.0,270,-108.0,4999892.0,Stop Hit 1538.318545540325
2025-12-10 12:56:19,BUY,NSE_EQ:RELIANCE,1538.4,270,0.0,5000000.0,Signal
2025-12-10 12:56:19,SELL,NSE_EQ:RELIANCE,1538.0,270,-108.0,4999892.0,Stop Hit 1538.318545540325
2025-12-10 12:56:21,BUY,NSE_EQ:RELIANCE,1538.5,270,0.0,5000000.0,Signal
2025-12-10 12:56:22,SELL,NSE_EQ:RELIANCE,1538.0,270,-135.0,4999865.0,Stop Hit 1538.318545540325
2025-12-10 12:56:25,BUY,NSE_EQ:RELIANCE,1538.4,270,0.0,5000000.0,Signal
2025-12-10 12:56:25,SELL,NSE_EQ:RELIANCE,1538.0,270,-108.0,4999892.0,Stop Hit 1538.318545540325
2025-12-10 12:56:26,BUY,NSE_EQ:RELIANCE,1538.5,270,0.0,5000000.0,Signal
2025-12-10 12:56:26,SELL,NSE_EQ:RELIANCE,1538.1,270,-108.0,4999892.0,Stop Hit 1538.318545540325
2025-12-10 12:57:31,BUY,NSE_EQ:RELIANCE,1538.3,270,0.0,5000000.0,Signal
2025-12-10 12:57:32,SELL,NSE_EQ:RELIANCE,1538.2,270,-27.0,4999973.0,Stop Hit 1538.2503637220852
2025-12-10 12:57:36,BUY,NSE_EQ:RELIANCE,1538.3,270,0.0,5000000.0,Signal
2025-12-10 12:57:37,SELL,NSE_EQ:RELIANCE,1538.0,270,-81.0,4999919.0,Stop Hit 1538.2503637220852
2025-12-10 12:57:41,BUY,NSE_EQ:RELIANCE,1538.3,270,0.0,5000000.0,Signal
2025-12-10 12:57:42,SELL,NSE_EQ:RELIANCE,1538.1,270,-54.0,4999946.0,Stop Hit 1538.2503637220852
2025-12-10 12:57:46,BUY,NSE_EQ:RELIANCE,1538.3,270,0.0,5000000.0,Signal
2025-12-10 12:57:47,SELL,NSE_EQ:RELIANCE,1538.0,270,-81.0,4999919.0,Stop Hit 1538.2503637220852
2025-12-10 12:57:50,BUY,NSE_EQ:RELIANCE,1538.3,270,0.0,5000000.0,Signal
2025-12-10 12:57:51,SELL,NSE_EQ:RELIANCE,1538.0,270,-81.0,4999919.0,Stop Hit 1538.2503637220852
2025-12-10 12:57:52,BUY,NSE_EQ:RELIANCE,1538.3,270,0.0,5000000.0,Signal
2025-12-10 12:57:53,SELL,NSE_EQ:RELIANCE,1538.0,270,-81.0,4999919.0,Stop Hit 1538.2503637220852
2025-12-10 13:02:09,BUY,NSE_EQ:RELIANCE,1538.3,270,0.0,5000000.0,Signal
2025-12-10 13:02:48,SELL,NSE_EQ:RELIANCE,1537.8,270,-135.0,4999865.0,Stop Hit 1537.851467771725
2025-12-10 13:02:49,BUY,NSE_EQ:RELIANCE,1537.9,270,0.0,5000000.0,Signal
2025-12-10 13:02:53,SELL,NSE_EQ:RELIANCE,1537.6,270,-81.0,4999919.0,Stop Hit 1537.851467771725
2025-12-10 13:02:55,BUY,NSE_EQ:RELIANCE,1537.9,270,0.0,5000000.0,Signal
2025-12-10 13:02:58,SELL,NSE_EQ:RELIANCE,1537.5,270,-108.0,4999892.0,Stop Hit 1537.851467771725
2025-12-10 13:02:59,BUY,NSE_EQ:RELIANCE,1537.9,270,0.0,5000000.0,Signal
2025-12-10 13:03:00,SELL,NSE_EQ:RELIANCE,1537.5,270,-108.0,4999892.0,Stop Hit 1537.851467771725
2025-12-10 13:03:06,BUY,NSE_EQ:RELIANCE,1537.9,270,0.0,5000000.0,Signal
2025-12-10 13:03:11,SELL,NSE_EQ:RELIANCE,1537.8,270,-27.0,4999973.0,Stop Hit 1537.851467771725
2025-12-10 13:03:13,BUY,NSE_EQ:RELIANCE,1537.9,270,0.0,5000000.0,Signal
2025-12-10 13:03:21,SELL,NSE_EQ:RELIANCE,1537.5,270,-108.0,4999892.0,Stop Hit 1537.851467771725
2025-12-10 13:03:22,BUY,NSE_EQ:RELIANCE,1538.0,270,0.0,5000000.0,Signal
2025-12-10 13:03:38,SELL,NSE_EQ:RELIANCE,1537.7,270,-81.0,4999919.0,Stop Hit 1537.851467771725
2025-12-10 13:03:49,BUY,NSE_EQ:MOREPENLAB,41.02,10157,0.0,5000000.0,Signal
2025-12-10 13:03:52,SELL,NSE_EQ:MOREPENLAB,40.98,10157,-406.28,4999593.72,Stop Hit 40.98738746865502
2025-12-10 13:03:58,BUY,NSE_EQ:MOREPENLAB,40.99,10165,0.0,5000000.0,Signal
2025-12-10 13:05:24,SELL,NSE_EQ:MOREPENLAB,40.96,10165,-304.95,4999695.05,Stop Hit 40.98738746865502
2025-12-10 13:06:14,BUY,NSE_EQ:63MOONS,768.45,542,0.0,5000000.0,Signal
2025-12-10 13:08:30,BUY,NSE_EQ:MOREPENLAB,41.03,10155,0.0,5000000.0,Signal
2025-12-10 13:10:00,SELL,NSE_EQ:MOREPENLAB,40.93,10155,-1015.5,4998984.5,Stop Hit 40.990408829913
2025-12-10 13:10:12,BUY,NSE_EQ:MOREPENLAB,41.0,10162,0.0,5000000.0,Signal
2025-12-10 13:13:30,BUY,NSE_EQ:RELIANCE,1538.0,270,0.0,5000000.0,Signal
2025-12-10 13:14:42,SELL,NSE_EQ:RELIANCE,1537.2,270,-216.0,4999784.0,Stop Hit 1537.2267762780218
2025-12-10 13:14:46,BUY,NSE_EQ:RELIANCE,1537.3,271,0.0,5000000.0,Signal
2025-12-10 13:14:47,SELL,NSE_EQ:RELIANCE,1537.2,271,-27.1,4999972.9,Stop Hit 1537.2131399143768
2025-12-10 13:14:53,BUY,NSE_EQ:RELIANCE,1537.4,271,0.0,5000000.0,Signal
2025-12-10 13:14:55,SELL,NSE_EQ:RELIANCE,1537.2,271,-54.2,4999945.8,Stop Hit 1537.2131399143768
2025-12-10 13:14:56,BUY,NSE_EQ:RELIANCE,1537.5,271,0.0,5000000.0,Signal
2025-12-10 13:14:57,SELL,NSE_EQ:RELIANCE,1537.2,271,-81.3,4999918.7,Stop Hit 1537.2131399143768
2025-12-10 13:15:01,BUY,NSE_EQ:RELIANCE,1537.4,271,0.0,5000000.0,Signal
2025-12-10 13:15:03,SELL,NSE_EQ:RELIANCE,1537.2,271,-54.2,4999945.8,Stop Hit 1537.2131399143768
2025-12-10 13:15:04,BUY,NSE_EQ:RELIANCE,1537.4,271,0.0,5000000.0,Signal
2025-12-10 13:15:06,SELL,NSE_EQ:RELIANCE,1537.2,271,-54.2,4999945.8,Stop Hit 1537.2131399143768
2025-12-10 13:15:07,BUY,NSE_EQ:RELIANCE,1537.5,271,0.0,5000000.0,Signal
2025-12-10 13:16:31,SELL,NSE_EQ:63MOONS,767.5,542,-514.9,4999485.1,Stop Hit 767.7015568161783
2025-12-10 13:17:22,SELL,NSE_EQ:RELIANCE,1537.2,271,-81.3,4999918.7,Stop Hit 1537.2131399143768
2025-12-10 13:17:22,BUY,NSE_EQ:RELIANCE,1537.6,270,0.0,5000000.0,Signal
2025-12-10 13:19:45,BUY,NSE_EQ:PURVA,244.21,1706,0.0,5000000.0,Signal
2025-12-10 13:19:56,BUY,NSE_EQ:KITEX,200.5,2078,0.0,5000000.0,Signal
2025-12-10 13:26:30,BUY,NSE_EQ:63MOONS,768.25,542,0.0,5000000.0,Signal
2025-12-10 13:28:08,SELL,NSE_EQ:63MOONS,767.0,542,-677.5,4999322.5,Stop Hit 767.6617096728968
2025-12-10 13:31:11,BUY,NSE_EQ:63MOONS,768.05,542,0.0,5000000.0,Signal
2025-12-10 13:31:18,SELL,NSE_EQ:MARUTI,16063.0,25,725.0,5000725.0,Stop Hit 16066.725030462605
2025-12-10 13:31:30,BUY,NSE_EQ:MARUTI,16068.0,25,0.0,5000000.0,Signal
2025-12-10 13:31:32,SELL,NSE_EQ:MARUTI,16064.0,25,-100.0,4999900.0,Stop Hit 16066.2384715952
2025-12-10 13:31:43,BUY,NSE_EQ:MARUTI,16069.0,25,0.0,5000000.0,Signal
2025-12-10 13:31:46,SELL,NSE_EQ:MARUTI,16064.0,25,-125.0,4999875.0,Stop Hit 16066.2384715952
2025-12-10 13:31:47,BUY,NSE_EQ:MARUTI,16070.0,25,0.0,5000000.0,Signal
2025-12-10 13:31:50,SELL,NSE_EQ:MARUTI,16066.0,25,-100.0,4999900.0,Stop Hit 16066.2384715952
2025-12-10 13:31:51,BUY,NSE_EQ:MARUTI,16070.0,25,0.0,5000000.0,Signal
2025-12-10 13:31:52,SELL,NSE_EQ:MARUTI,16066.0,25,-100.0,4999900.0,Stop Hit 16066.2384715952
2025-12-10 13:31:53,BUY,NSE_EQ:MARUTI,16070.0,25,0.0,5000000.0,Signal
2025-12-10 13:31:55,BUY,NSE_EQ:SUVEN,170.41,2445,0.0,5000000.0,Signal
2025-12-10 13:31:56,SELL,NSE_EQ:MARUTI,16066.0,25,-100.0,4999900.0,Stop Hit 16066.2384715952
2025-12-10 13:31:58,BUY,NSE_EQ:MARUTI,16070.0,25,0.0,5000000.0,Signal
2025-12-10 13:31:58,SELL,NSE_EQ:MARUTI,16066.0,25,-100.0,4999900.0,Stop Hit 16066.2384715952
2025-12-10 13:31:59,BUY,NSE_EQ:MARUTI,16070.0,25,0.0,5000000.0,Signal
2025-12-10 13:32:01,SELL,NSE_EQ:MARUTI,16066.0,25,-100.0,4999900.0,Stop Hit 16066.2384715952
2025-12-10 13:32:03,BUY,NSE_EQ:MARUTI,16069.0,25,0.0,5000000.0,Signal
2025-12-10 13:32:03,SELL,NSE_EQ:MARUTI,16066.0,25,-75.0,4999925.0,Stop Hit 16066.2384715952
2025-12-10 13:32:04,BUY,NSE_EQ:MARUTI,16068.0,25,0.0,5000000.0,Signal
2025-12-10 13:32:04,SELL,NSE_EQ:MARUTI,16065.0,25,-75.0,4999925.0,Stop Hit 16066.2384715952
2025-12-10 13:32:48,SELL,NSE_EQ:SUVEN,170.34,2445,-171.15,4999828.85,Stop Hit 170.40768134769004
2025-12-10 13:33:35,BUY,NSE_EQ:SUVEN,170.61,2442,0.0,5000000.0,Signal
2025-12-10 13:34:42,SELL,NSE_EQ:63MOONS,767.4,542,-352.3,4999647.7,Stop Hit 767.7310711451929
2025-12-10 13:35:21,BUY,NSE_EQ:GOLDIAM,374.95,1111,0.0,5000000.0,Signal
2025-12-10 13:40:43,SELL,NSE_EQ:PURVA,244.14,1706,-119.42,4999880.58,Stop Hit 244.14275422468586
2025-12-10 13:41:11,BUY,NSE_EQ:63MOONS,767.0,543,0.0,5000000.0,Signal
2025-12-10 13:43:46,SELL,NSE_EQ:GOLDIAM,374.7,1111,-277.75,4999722.25,Stop Hit 374.8841650136389
2025-12-10 13:46:40,SELL,NSE_EQ:63MOONS,766.0,543,-543.0,4999457.0,Stop Hit 766.036166627621
2025-12-10 13:49:16,SELL,NSE_EQ:KITEX,200.21,2078,-602.62,4999397.38,Stop Hit 200.31581387351193
2025-12-10 13:49:38,BUY,NSE_EQ:POCL,1303.3,319,0.0,5000000.0,Signal
2025-12-10 13:50:56,SELL,NSE_EQ:POCL,1301.9,319,-446.6,4999553.4,Stop Hit 1302.3032559446356
2025-12-10 13:51:31,BUY,NSE_EQ:POCL,1302.7,319,0.0,5000000.0,Signal
2025-12-10 13:51:50,SELL,NSE_EQ:POCL,1301.3,319,-446.6,4999553.4,Stop Hit 1302.0850741263737
2025-12-10 13:52:10,SELL,NSE_EQ:SUVEN,171.99,2442,3369.96,5003369.96,Stop Hit 172.0156562221145
2025-12-10 13:52:14,BUY,NSE_EQ:KITEX,200.26,2080,0.0,5000000.0,Signal
2025-12-10 13:52:25,BUY,NSE_EQ:POCL,1302.5,319,0.0,5000000.0,Signal
2025-12-10 13:52:54,SELL,NSE_EQ:POCL,1302.0,319,-159.5,4999840.5,Stop Hit 1302.2039343933984
2025-12-10 13:52:58,BUY,NSE_EQ:POCL,1303.1,319,0.0,5000000.0,Signal
2025-12-10 13:53:56,SELL,NSE_EQ:POCL,1302.0,319,-350.9,4999649.1,Stop Hit 1302.2039343933984
2025-12-10 13:56:11,SELL,NSE_EQ:HCC,18.14,22944,-458.88,4999541.12,Stop Hit 18.14993954576729
2025-12-10 13:56:43,BUY,NSE_EQ:63MOONS,767.05,543,0.0,5000000.0,Signal
2025-12-10 13:57:48,SELL,NSE_EQ:MOREPENLAB,41.03,10162,304.86,5000304.86,Stop Hit 41.05614857591317
2025-12-10 13:58:22,BUY,NSE_EQ:HCC,18.16,22944,0.0,5000000.0,Signal
2025-12-10 14:00:01,SELL,NSE_EQ:HCC,18.14,22944,-458.88,4999541.12,Stop Hit 18.142387503960933
2025-12-10 14:00:23,SELL,NSE_EQ:63MOONS,765.55,543,-814.5,4999185.5,Stop Hit 765.6798725259067
2025-12-10 14:01:02,BUY,NSE_EQ:POCL,1300.6,320,0.0,5000000.0,Signal
2025-12-10 14:01:22,BUY,NSE_EQ:HCC,18.16,22944,0.0,5000000.0,Signal
2025-12-10 14:01:36,BUY,NSE_EQ:GOLDIAM,374.55,1112,0.0,5000000.0,Signal
2025-12-10 14:02:15,SELL,NSE_EQ:RELIANCE,1538.6,270,270.0,5000270.0,Stop Hit 1538.6033112509276
2025-12-10 14:02:32,BUY,NSE_EQ:63MOONS,766.65,543,0.0,5000000.0,Signal
2025-12-10 14:03:38,SELL,NSE_EQ:HCC,18.14,22944,-458.88,4999541.12,Stop Hit 18.144551708327004
2025-12-10 14:03:42,BUY,NSE_EQ:HCC,18.15,22956,0.0,5000000.0,Signal
2025-12-10 14:04:09,SELL,NSE_EQ:HCC,18.14,22956,-229.56,4999770.44,Stop Hit 18.143188071962953
2025-12-10 14:04:13,BUY,NSE_EQ:HCC,18.16,22944,0.0,5000000.0,Signal
2025-12-10 14:04:14,SELL,NSE_EQ:63MOONS,765.6,543,-570.15,4999429.85,Stop Hit 765.6177708821482
2025-12-10 14:04:15,SELL,NSE_EQ:HCC,18.14,22944,-458.88,4999541.12,Stop Hit 18.143188071962953
2025-12-10 14:04:20,SELL,NSE_EQ:POCL,1299.5,320,-352.0,4999648.0,Stop Hit 1300.2398034678035
2025-12-10 14:06:30,SELL,NSE_EQ:KITEX,200.09,2080,-353.6,4999646.4,Stop Hit 200.109012101146
2025-12-10 14:07:03,BUY,NSE_EQ:HCC,18.15,22956,0.0,5000000.0,Signal
2025-12-10 14:07:22,BUY,NSE_EQ:RELIANCE,1538.5,270,0.0,5000000.0,Signal
2025-12-10 14:07:24,SELL,NSE_EQ:RELIANCE,1538.3,270,-54.0,4999946.0,Stop Hit 1538.39205886241
2025-12-10 14:07:24,BUY,NSE_EQ:RELIANCE,1538.4,270,0.0,5000000.0,Signal
2025-12-10 14:07:46,SELL,NSE_EQ:RELIANCE,1538.3,270,-27.0,4999973.0,Stop Hit 1538.39205886241
2025-12-10 14:07:48,BUY,NSE_EQ:RELIANCE,1538.4,270,0.0,5000000.0,Signal
2025-12-10 14:07:50,SELL,NSE_EQ:RELIANCE,1538.3,270,-27.0,4999973.0,Stop Hit 1538.39205886241
2025-12-10 14:07:52,BUY,NSE_EQ:RELIANCE,1538.4,270,0.0,5000000.0,Signal
2025-12-10 14:07:57,SELL,NSE_EQ:RELIANCE,1538.3,270,-27.0,4999973.0,Stop Hit 1538.39205886241
2025-12-10 14:08:03,BUY,NSE_EQ:MOREPENLAB,41.06,10147,0.0,5000000.0,Signal
2025-12-10 14:08:14,BUY,NSE_EQ:RELIANCE,1538.4,270,0.0,5000000.0,Signal
2025-12-10 14:08:15,SELL,NSE_EQ:RELIANCE,1538.3,270,-27.0,4999973.0,Stop Hit 1538.3238770442094
2025-12-10 14:08:16,BUY,NSE_EQ:RELIANCE,1538.4,270,0.0,5000000.0,Signal
2025-12-10 14:08:18,SELL,NSE_EQ:MOREPENLAB,41.04,10147,-202.94,4999797.06,Stop Hit 41.046033955512
2025-12-10 14:08:18,SELL,NSE_EQ:RELIANCE,1538.3,270,-27.0,4999973.0,Stop Hit 1538.3238770442094
2025-12-10 14:08:19,BUY,NSE_EQ:RELIANCE,1538.4,270,0.0,5000000.0,Signal
2025-12-10 14:08:20,SELL,NSE_EQ:RELIANCE,1538.3,270,-27.0,4999973.0,Stop Hit 1538.3238770442094
2025-12-10 14:08:21,BUY,NSE_EQ:MOREPENLAB,41.08,10142,0.0,5000000.0,Signal
2025-12-10 14:08:21,BUY,NSE_EQ:RELIANCE,1538.4,270,0.0,5000000.0,Signal
2025-12-10 14:08:23,SELL,NSE_EQ:RELIANCE,1538.3,270,-27.0,4999973.0,Stop Hit 1538.3238770442094
2025-12-10 14:08:27,BUY,NSE_EQ:RELIANCE,1538.5,270,0.0,5000000.0,Signal
2025-12-10 14:08:58,SELL,NSE_EQ:RELIANCE,1538.3,270,-54.0,4999946.0,Stop Hit 1538.3238770442094
2025-12-10 14:09:12,BUY,NSE_EQ:63MOONS,766.4,543,0.0,5000000.0,Signal
2025-12-10 14:09:13,BUY,NSE_EQ:RELIANCE,1538.5,270,0.0,5000000.0,Signal
2025-12-10 14:09:15,SELL,NSE_EQ:RELIANCE,1538.2,270,-81.0,4999919.0,Stop Hit 1538.3238770442094
2025-12-10 14:09:16,BUY,NSE_EQ:RELIANCE,1538.4,270,0.0,5000000.0,Signal
2025-12-10 14:09:19,SELL,NSE_EQ:RELIANCE,1538.2,270,-54.0,4999946.0,Stop Hit 1538.3238770442094
2025-12-10 14:09:20,BUY,NSE_EQ:RELIANCE,1538.4,270,0.0,5000000.0,Signal
2025-12-10 14:09:20,SELL,NSE_EQ:RELIANCE,1538.2,270,-54.0,4999946.0,Stop Hit 1538.3238770442094
2025-12-10 14:09:22,BUY,NSE_EQ:RELIANCE,1538.5,270,0.0,5000000.0,Signal
2025-12-10 14:09:35,SELL,NSE_EQ:RELIANCE,1537.9,270,-162.0,4999838.0,Stop Hit 1538.3238770442094
2025-12-10 14:09:37,BUY,NSE_EQ:RELIANCE,1538.4,270,0.0,5000000.0,Signal
2025-12-10 14:10:03,SELL,NSE_EQ:RELIANCE,1538.2,270,-54.0,4999946.0,Stop Hit 1538.4025437901546
2025-12-10 14:10:33,SELL,NSE_EQ:MOREPENLAB,41.05,10142,-304.26,4999695.74,Stop Hit 41.05452001538767
2025-12-10 14:12:03,BUY,NSE_EQ:RELIANCE,1538.7,270,0.0,5000000.0,Signal
2025-12-10 14:12:16,SELL,NSE_EQ:RELIANCE,1538.3,270,-108.0,4999892.0,Stop Hit 1538.3479983355946
2025-12-10 14:12:19,BUY,NSE_EQ:RELIANCE,1538.4,270,0.0,5000000.0,Signal
2025-12-10 14:12:21,SELL,NSE_EQ:RELIANCE,1538.3,270,-27.0,4999973.0,Stop Hit 1538.3479983355946
2025-12-10 14:12:27,BUY,NSE_EQ:RELIANCE,1538.4,270,0.0,5000000.0,Signal
2025-12-10 14:12:28,SELL,NSE_EQ:RELIANCE,1538.3,270,-27.0,4999973.0,Stop Hit 1538.3479983355946
2025-12-10 14:12:33,BUY,NSE_EQ:MOREPENLAB,41.09,10140,0.0,5000000.0,Signal
2025-12-10 14:13:19,SELL,NSE_EQ:MOREPENLAB,41.02,10140,-709.8,4999290.2,Stop Hit 41.049231915513346
2025-12-10 14:16:23,BUY,NSE_EQ:RELIANCE,1538.7,270,0.0,5000000.0,Signal
2025-12-10 14:17:24,SELL,NSE_EQ:RELIANCE,1538.5,270,-54.0,4999946.0,Stop Hit 1538.5375356735938
2025-12-10 14:17:24,BUY,NSE_EQ:RELIANCE,1538.7,270,0.0,5000000.0,Signal
2025-12-10 14:17:27,SELL,NSE_EQ:RELIANCE,1538.5,270,-54.0,4999946.0,Stop Hit 1538.5375356735938
2025-12-10 14:19:59,SELL,NSE_EQ:HCC,18.14,22956,-229.56,4999770.44,Stop Hit 18.154441626392025
2025-12-10 14:21:11,SELL,NSE_EQ:GOLDIAM,373.8,1112,-834.0,4999166.0,Stop Hit 373.929853568019
2025-12-10 14:22:03,BUY,NSE_EQ:HCC,18.15,22956,0.0,5000000.0,Signal
2025-12-10 14:22:17,SELL,NSE_EQ:63MOONS,765.05,543,-733.05,4999266.95,Stop Hit 765.4804097869941
2025-12-10 14:25:04,BUY,NSE_EQ:KITEX,200.21,2081,0.0,5000000.0,Signal
2025-12-10 14:25:12,SELL,NSE_EQ:KITEX,200.0,2081,-437.01,4999562.99,Stop Hit 200.11398489705508
2025-12-10 14:25:16,SELL,NSE_EQ:HCC,18.14,22956,-229.56,4999770.44,Stop Hit 18.140853931181777
2025-12-10 14:25:34,BUY,NSE_EQ:DOLATALGO,88.44,4711,0.0,5000000.0,Signal
2025-12-10 14:25:56,BUY,NSE_EQ:KITEX,200.16,2081,0.0,5000000.0,Signal
2025-12-10 14:26:17,SELL,NSE_EQ:KITEX,200.0,2081,-332.96,4999667.04,Stop Hit 200.11398489705508
2025-12-10 14:27:14,BUY,NSE_EQ:GOLDIAM,374.0,1114,0.0,5000000.0,Signal
2025-12-10 14:27:16,BUY,NSE_EQ:63MOONS,764.0,545,0.0,5000000.0,Signal
2025-12-10 14:27:26,SELL,NSE_EQ:63MOONS,763.0,545,-545.0,4999455.0,Stop Hit 763.9298791988998
2025-12-10 14:27:42,SELL,NSE_EQ:GOLDIAM,373.7,1114,-334.2,4999665.8,Stop Hit 373.80079444722134
2025-12-10 14:28:14,BUY,NSE_EQ:HCC,18.17,22931,0.0,5000000.0,Signal
2025-12-10 14:29:33,SELL,NSE_EQ:DOLATALGO,88.27,4711,-800.87,4999199.13,Stop Hit 88.30782843099146
2025-12-10 14:30:07,BUY,NSE_EQ:KITEX,200.17,2081,0.0,5000000.0,Signal
2025-12-10 14:31:14,BUY,NSE_EQ:DOLATALGO,88.33,4717,0.0,5000000.0,Signal
2025-12-10 14:31:23,SELL,NSE_EQ:DOLATALGO,88.27,4717,-283.02,4999716.98,Stop Hit 88.28825771718232
2025-12-10 14:31:25,BUY,NSE_EQ:DOLATALGO,88.32,4717,0.0,5000000.0,Signal
2025-12-10 14:31:33,SELL,NSE_EQ:KITEX,200.02,2081,-312.15,4999687.85,Stop Hit 200.16198642668354
2025-12-10 14:31:35,SELL,NSE_EQ:DOLATALGO,88.26,4717,-283.02,4999716.98,Stop Hit 88.28825771718232
2025-12-10 14:32:00,BUY,NSE_EQ:DOLATALGO,88.32,4717,0.0,5000000.0,Signal
2025-12-10 14:32:01,SELL,NSE_EQ:DOLATALGO,88.26,4717,-283.02,4999716.98,Stop Hit 88.28825771718232
2025-12-10 14:32:02,BUY,NSE_EQ:DOLATALGO,88.33,4717,0.0,5000000.0,Signal
2025-12-10 14:32:05,SELL,NSE_EQ:DOLATALGO,88.28,4717,-235.85,4999764.15,Stop Hit 88.28825771718232
2025-12-10 14:32:21,BUY,NSE_EQ:KITEX,200.19,2081,0.0,5000000.0,Signal
2025-12-10 14:32:47,SELL,NSE_EQ:KITEX,200.02,2081,-353.77,4999646.23,Stop Hit 200.16198642668354
2025-12-10 14:32:54,BUY,NSE_EQ:63MOONS,764.55,544,0.0,5000000.0,Signal
2025-12-10 14:33:14,BUY,NSE_EQ:KITEX,200.52,2077,0.0,5000000.0,Signal
2025-12-10 14:33:33,BUY,NSE_EQ:RELIANCE,1538.4,270,0.0,5000000.0,Signal
2025-12-10 14:34:02,SELL,NSE_EQ:63MOONS,763.65,544,-489.6,4999510.4,Stop Hit 764.0053238155409
2025-12-10 14:34:43,SELL,NSE_EQ:RELIANCE,1538.2,270,-54.0,4999946.0,Stop Hit 1538.3502210735799
2025-12-10 14:35:05,BUY,NSE_EQ:DOLATALGO,88.39,4713,0.0,5000000.0,Signal
2025-12-10 14:35:14,BUY,NSE_EQ:63MOONS,764.3,545,0.0,5000000.0,Signal
2025-12-10 14:35:17,SELL,NSE_EQ:63MOONS,763.35,545,-517.75,4999482.25,Stop Hit 763.8375198404236
2025-12-10 14:36:07,BUY,NSE_EQ:63MOONS,764.1,545,0.0,5000000.0,Signal
2025-12-10 14:38:49,SELL,NSE_EQ:KITEX,200.13,2077,-810.03,4999189.97,Stop Hit 200.1415318812251
2025-12-10 14:42:05,SELL,NSE_EQ:63MOONS,763.7,545,-218.0,4999782.0,Stop Hit 763.8375198404236
2025-12-10 14:43:14,BUY,NSE_EQ:KITEX,200.28,2080,0.0,5000000.0,Signal
2025-12-10 14:43:52,SELL,NSE_EQ:DOLATALGO,89.25,4713,4053.18,5004053.18,Stop Hit 89.25026401569104
2025-12-10 14:44:36,BUY,NSE_EQ:BHAGCHEM,229.32,1816,0.0,5000000.0,Signal
2025-12-10 14:46:08,SELL,NSE_EQ:BHAGCHEM,229.05,1816,-490.32,4999509.68,Stop Hit 229.1581963885968
2025-12-10 14:53:16,BUY,NSE_EQ:63MOONS,764.05,545,0.0,5000000.0,Signal
2025-12-10 15:00:06,BUY,NSE_EQ:MOREPENLAB,40.94,10177,0.0,5000000.0,Signal
2025-12-10 15:00:08,SELL,NSE_EQ:MOREPENLAB,40.88,10177,-610.62,4999389.38,Stop Hit 40.9366045000322
2025-12-10 15:00:17,BUY,NSE_EQ:MOREPENLAB,40.94,10177,0.0,5000000.0,Signal
2025-12-10 15:00:40,SELL,NSE_EQ:MOREPENLAB,40.91,10177,-305.31,4999694.69,Stop Hit 40.9366045000322
2025-12-10 15:00:43,BUY,NSE_EQ:MOREPENLAB,40.97,10170,0.0,5000000.0,Signal
2025-12-10 15:00:45,BUY,NSE_EQ:RELIANCE,1538.7,270,0.0,5000000.0,Signal
2025-12-10 15:01:07,BUY,NSE_EQ:POCL,1293.9,322,0.0,5000000.0,Signal
2025-12-10 15:01:15,SELL,NSE_EQ:POCL,1292.2,322,-547.4,4999452.6,Stop Hit 1292.4351705701586
2025-12-10 15:01:21,SELL,NSE_EQ:MOREPENLAB,40.91,10170,-610.2,4999389.8,Stop Hit 40.9366045000322
2025-12-10 15:01:44,BUY,NSE_EQ:MARUTI,15996.0,26,0.0,5000000.0,Signal
2025-12-10 15:02:10,BUY,NSE_EQ:POCL,1292.9,322,0.0,5000000.0,Signal
2025-12-10 15:03:18,SELL,NSE_EQ:POCL,1292.1,322,-257.6,4999742.4,Stop Hit 1292.4351705701586
2025-12-10 15:05:09,SELL,NSE_EQ:RELIANCE,1537.7,270,-270.0,4999730.0,Stop Hit 1537.7328573371215
2025-12-10 15:10:41,SELL,NSE_EQ:HCC,18.26,22931,2063.79,5002063.79,Stop Hit 18.263703358759802
2025-12-10 15:13:16,BUY,NSE_EQ:RELIANCE,1538.1,270,0.0,5000000.0,Signal
2025-12-10 15:14:42,BUY,NSE_EQ:HCC,18.26,22818,0.0,5000000.0,Signal
2025-12-10 15:14:52,SELL,NSE_EQ:HCC,18.23,22818,-684.54,4999315.46,Stop Hit 18.246849740943972
2025-12-10 15:14:53,BUY,NSE_EQ:HCC,18.25,22831,0.0,5000000.0,Signal
2025-12-10 15:15:06,SELL,NSE_EQ:HCC,18.22,22831,-684.93,4999315.07,Stop Hit 18.246849740943972
2025-12-10 15:16:36,SELL,NSE_EQ:63MOONS,765.5,545,790.25,5000790.25,Stop Hit 765.7750519337087
2025-12-10 15:18:07,SELL,NSE_EQ:KITEX,200.68,2080,832.0,5000832.0,Stop Hit 200.91991374911666
2025-12-10 15:19:07,BUY,NSE_EQ:MOREPENLAB,40.89,10189,0.0,5000000.0,Signal
2025-12-10 15:19:16,SELL,NSE_EQ:MOREPENLAB,40.84,10189,-509.45,4999490.55,Stop Hit 40.84284734223327
2025-12-10 15:19:19,BUY,NSE_EQ:MOREPENLAB,40.88,10192,0.0,5000000.0,Signal
2025-12-10 15:19:24,SELL,NSE_EQ:MOREPENLAB,40.83,10192,-509.6,4999490.4,Stop Hit 40.84284734223327
2025-12-10 15:19:32,BUY,NSE_EQ:MOREPENLAB,40.86,10197,0.0,5000000.0,Signal
2025-12-10 15:19:42,SELL,NSE_EQ:MOREPENLAB,40.8,10197,-611.82,4999388.18,Stop Hit 40.84284734223327
2025-12-10 15:22:26,SELL,NSE_EQ:RELIANCE,1535.0,270,-837.0,4999163.0,Stop Hit 1535.4923804500238
2025-12-10 15:22:30,BUY,NSE_EQ:MOREPENLAB,40.87,10194,0.0,5000000.0,Signal
2025-12-10 15:23:15,BUY,NSE_EQ:HCC,18.24,22843,0.0,5000000.0,Signal
2025-12-10 15:24:10,SELL,NSE_EQ:HCC,18.23,22843,-228.43,4999771.57,Stop Hit 18.23441085786129
2025-12-10 15:24:48,SELL,NSE_EQ:MOREPENLAB,40.83,10194,-407.76,4999592.24,Stop Hit 40.84771791758673
2025-12-10 15:24:49,BUY,NSE_EQ:MOREPENLAB,40.83,10204,0.0,5000000.0,Signal
2025-12-10 15:25:07,SELL,NSE_EQ:MOREPENLAB,40.83,10204,0.0,5000000.0,Stop Hit 40.83271834281914
2025-12-10 15:26:37,BUY,NSE_EQ:GOLDIAM,371.4,1121,0.0,5000000.0,Signal
2025-12-10 15:27:19,BUY,NSE_EQ:KITEX,200.9,2074,0.0,5000000.0,Signal
2025-12-10 15:27:53,SELL,NSE_EQ:MARUTI,15990.0,26,-156.0,4999844.0,Stop Hit 15993.271649812086
2025-12-10 15:29:19,SELL,NSE_EQ:KITEX,200.7,2074,-414.8,4999585.2,Stop Hit 200.77365719912882
2025-12-10 15:40:02,BUY,NSE_EQ:RELIANCE,1536.9,271,0.0,5000000.0,Signal
2025-12-10 15:40:03,BUY,NSE_EQ:63MOONS,765.35,544,0.0,5000000.0,Signal
2025-12-10 15:40:50,BUY,NSE_EQ:HCC,18.22,22868,0.0,5000000.0,Signal
2025-12-10 15:50:32,SELL,NSE_EQ:GOLDIAM,370.95,1121,-504.45,4999495.55,Stop Hit 370.9536092653692
2025-12-11 09:13:23,SELL,NSE_EQ:HCC,18.2,22868,-457.36,4999542.64,Stop Hit 18.21975997060236
2025-12-11 09:15:04,SELL,NSE_EQ:RELIANCE,1533.1,271,-1029.8,4998970.2,Stop Hit 1534.8299236778223
2025-12-11 09:15:12,BUY,NSE_EQ:RELIANCE,1536.7,271,0.0,5000000.0,Signal
2025-12-11 09:15:28,SELL,NSE_EQ:63MOONS,764.55,544,-435.2,4999564.8,Stop Hit 765.1896062762768
2025-12-11 09:15:38,SELL,NSE_EQ:RELIANCE,1534.5,271,-596.2,4999403.8,Stop Hit 1534.8299236778223
2025-12-11 09:17:16,BUY,NSE_EQ:MARUTI,16025.0,26,0.0,5000000.0,Signal
2025-12-11 09:19:35,BUY,NSE_EQ:RELIANCE,1535.8,271,0.0,5000000.0,Signal
2025-12-11 09:21:05,SELL,NSE_EQ:RELIANCE,1533.8,271,-542.0,4999458.0,Stop Hit 1533.8442072941884
2025-12-11 09:21:56,BUY,NSE_EQ:RELIANCE,1535.7,271,0.0,5000000.0,Signal
2025-12-11 09:22:28,BUY,NSE_EQ:MOREPENLAB,40.88,10192,0.0,5000000.0,Signal
2025-12-11 09:23:12,SELL,NSE_EQ:RELIANCE,1533.4,271,-623.3,4999376.7,Stop Hit 1533.6942072905626
2025-12-11 09:23:35,SELL,NSE_EQ:MOREPENLAB,40.73,10192,-1528.8,4998471.2,Stop Hit 40.75866250226006
2025-12-11 09:24:17,BUY,NSE_EQ:GOLDIAM,371.95,1120,0.0,5000000.0,Signal
2025-12-11 09:30:41,BUY,NSE_EQ:MOREPENLAB,40.87,10194,0.0,5000000.0,Signal
2025-12-11 09:33:51,SELL,NSE_EQ:MOREPENLAB,40.73,10194,-1427.16,4998572.84,Stop Hit 40.736341120101656
2025-12-11 09:38:05,SELL,NSE_EQ:GOLDIAM,370.6,1120,-1512.0,4998488.0,Stop Hit 370.63440023699906
2025-12-11 10:55:28,BUY,NSE_EQ:DOLATALGO,85.49,4873,0.0,5000000.0,Signal
2025-12-11 10:56:10,SELL,NSE_EQ:MARUTI,16170.0,26,3770.0,5003770.0,Stop Hit 16171.035677641314
2025-12-11 10:58:07,BUY,NSE_EQ:KITEX,198.99,2093,0.0,5000000.0,Signal
2025-12-11 11:09:32,BUY,NSE_EQ:PURVA,243.66,1710,0.0,5000000.0,Signal
2025-12-11 11:09:52,BUY,NSE_EQ:MARUTI,16192.0,25,0.0,5000000.0,Signal
2025-12-11 11:19:31,BUY,NSE_EQ:MOREPENLAB,41.06,10147,0.0,5000000.0,Signal
2025-12-11 11:23:21,SELL,NSE_EQ:KITEX,198.53,2093,-962.78,4999037.22,Stop Hit 198.6208982389406
2025-12-11 11:49:43,SELL,NSE_EQ:PURVA,242.42,1710,-2120.4,4997879.6,Stop Hit 242.62883127128708
2025-12-11 11:53:47,BUY,NSE_EQ:PURVA,243.67,1709,0.0,5000000.0,Signal
2025-12-11 11:54:38,BUY,NSE_EQ:GOLDIAM,373.05,1116,0.0,5000000.0,Signal
2025-12-11 12:02:03,BUY,NSE_EQ:POCL,1273.1,327,0.0,5000000.0,Signal
2025-12-11 12:08:12,BUY,NSE_EQ:SUVEN,167.75,2483,0.0,5000000.0,Signal
2025-12-11 12:09:21,SELL,NSE_EQ:PURVA,242.69,1709,-1674.82,4998325.18,Stop Hit 242.73102802237688
2025-12-11 12:17:35,BUY,NSE_EQ:PURVA,243.03,1714,0.0,5000000.0,Signal
2025-12-11 12:27:35,SELL,NSE_EQ:GOLDIAM,373.15,1116,111.6,5000111.6,Stop Hit 373.20184432253023
2025-12-11 12:28:39,BUY,NSE_EQ:HCC,18.77,22198,0.0,5000000.0,Signal
2025-12-11 12:31:10,SELL,NSE_EQ:DOLATALGO,85.75,4873,1266.98,5001266.98,Stop Hit 85.7667111603962
2025-12-11 12:38:31,SELL,NSE_EQ:SUVEN,167.5,2483,-620.75,4999379.25,Stop Hit 167.91733263783624
2025-12-11 12:52:41,SELL,NSE_EQ:PURVA,242.25,1714,-1336.92,4998663.08,Stop Hit 242.2590108077515
2025-12-11 12:53:10,BUY,NSE_EQ:PURVA,242.83,1715,0.0,5000000.0,Signal
2025-12-11 12:59:55,SELL,NSE_EQ:HCC,18.72,22198,-1109.9,4998890.1,Stop Hit 18.724538937355216
2025-12-11 13:01:23,BUY,NSE_EQ:HCC,18.73,22245,0.0,5000000.0,Signal
2025-12-11 13:04:30,SELL,NSE_EQ:PURVA,242.2,1715,-1080.45,4998919.55,Stop Hit 242.3626118687258
2025-12-11 13:08:24,BUY,NSE_EQ:KITEX,200.19,2081,0.0,5000000.0,Signal
2025-12-11 13:12:05,SELL,NSE_EQ:MOREPENLAB,41.12,10147,608.82,5000608.82,Stop Hit 41.13812798503816
2025-12-11 13:16:10,BUY,NSE_EQ:DOLATALGO,85.85,4853,0.0,5000000.0,Signal
2025-12-11 13:17:40,BUY,NSE_EQ:MOREPENLAB,41.23,10105,0.0,5000000.0,Signal
2025-12-11 13:20:24,SELL,NSE_EQ:KITEX,199.94,2081,-520.25,4999479.75,Stop Hit 199.94873976177985
2025-12-11 13:34:08,BUY,NSE_EQ:GOLDIAM,372.65,1118,0.0,5000000.0,Signal
2025-12-11 13:35:35,BUY,NSE_EQ:RELIANCE,1546.1,269,0.0,5000000.0,Signal
2025-12-11 13:36:16,BUY,NSE_EQ:PURVA,242.8,1716,0.0,5000000.0,Signal
2025-12-11 13:40:36,BUY,NSE_EQ:SUVEN,167.72,2484,0.0,5000000.0,Signal
2025-12-11 13:42:25,SELL,NSE_EQ:DOLATALGO,85.46,4853,-1892.67,4998107.33,Stop Hit 85.57849467363835
2025-12-11 13:44:48,SELL,NSE_EQ:PURVA,241.58,1716,-2093.52,4997906.48,Stop Hit 241.64622714143843
2025-12-11 13:45:40,SELL,NSE_EQ:SUVEN,167.12,2484,-1490.4,4998509.6,Stop Hit 167.1534708304767
2025-12-11 13:50:40,BUY,NSE_EQ:KITEX,200.25,2080,0.0,5000000.0,Signal
2025-12-11 13:51:52,BUY,NSE_EQ:SUVEN,167.67,2485,0.0,5000000.0,Signal
2025-12-11 13:58:37,BUY,NSE_EQ:DOLATALGO,85.54,4871,0.0,5000000.0,Signal
2025-12-11 14:03:04,SELL,NSE_EQ:POCL,1279.0,327,1929.3,5001929.3,Stop Hit 1279.1835417049365
2025-12-11 14:03:34,SELL,NSE_EQ:KITEX,199.61,2080,-1331.2,4998668.8,Stop Hit 199.7936843870585
2025-12-11 14:04:45,SELL,NSE_EQ:MARUTI,16214.0,25,550.0,5000550.0,Stop Hit 16256.264329038433
2025-12-11 14:04:55,SELL,NSE_EQ:RELIANCE,1543.9,269,-591.8,4999408.2,Stop Hit 1544.1510311070635
2025-12-11 14:06:23,SELL,NSE_EQ:DOLATALGO,85.25,4871,-1412.59,4998587.41,Stop Hit 85.33871132238947
2025-12-11 14:07:42,BUY,NSE_EQ:RELIANCE,1544.7,269,0.0,5000000.0,Signal
2025-12-11 14:11:28,BUY,NSE_EQ:63MOONS,761.85,546,0.0,5000000.0,Signal
2025-12-11 14:18:49,BUY,NSE_EQ:MARUTI,16256.0,25,0.0,5000000.0,Signal
2025-12-11 14:18:53,SELL,NSE_EQ:MARUTI,16232.0,25,-600.0,4999400.0,Stop Hit 16234.212139544412
2025-12-11 14:19:55,SELL,NSE_EQ:63MOONS,760.2,546,-900.9,4999099.1,Stop Hit 760.3257050073669
2025-12-11 14:20:35,BUY,NSE_EQ:KITEX,200.3,2080,0.0,5000000.0,Signal
2025-12-11 14:21:16,SELL,NSE_EQ:HCC,18.81,22245,1779.6,5001779.6,Stop Hit 18.8212520959904
2025-12-11 14:21:39,BUY,NSE_EQ:MARUTI,16256.0,25,0.0,5000000.0,Signal
2025-12-11 14:21:55,BUY,NSE_EQ:63MOONS,762.3,546,0.0,5000000.0,Signal
2025-12-11 14:24:01,SELL,NSE_EQ:MARUTI,16227.0,25,-725.0,4999275.0,Stop Hit 16230.066133200527
2025-12-11 14:30:20,BUY,NSE_EQ:BHAGCHEM,229.89,1812,0.0,5000000.0,Signal
2025-12-11 14:33:14,SELL,NSE_EQ:BHAGCHEM,228.5,1812,-2518.68,4997481.32,Stop Hit 228.5850765377128
2025-12-11 14:41:46,SELL,NSE_EQ:KITEX,199.74,2080,-1164.8,4998835.2,Stop Hit 199.77589458671707
2025-12-11 14:43:31,BUY,NSE_EQ:KITEX,200.07,2082,0.0,5000000.0,Signal
2025-12-11 14:43:51,SELL,NSE_EQ:GOLDIAM,372.05,1118,-670.8,4999329.2,Stop Hit 372.06978558890876
2025-12-11 14:45:40,SELL,NSE_EQ:KITEX,199.67,2082,-832.8,4999167.2,Stop Hit 199.6826009564821
2025-12-11 14:47:53,SELL,NSE_EQ:RELIANCE,1542.9,269,-484.2,4999515.8,Stop Hit 1542.9319457670551
2025-12-11 14:51:01,SELL,NSE_EQ:63MOONS,759.75,546,-1392.3,4998607.7,Stop Hit 760.0393413709371
2025-12-11 14:51:26,SELL,NSE_EQ:MOREPENLAB,41.2,10105,-303.15,4999696.85,Stop Hit 41.209189408842654
2025-12-11 14:52:31,BUY,NSE_EQ:RELIANCE,1543.6,269,0.0,5000000.0,Signal
2025-12-11 14:53:31,BUY,NSE_EQ:MOREPENLAB,41.27,10096,0.0,5000000.0,Signal
2025-12-11 14:55:34,BUY,NSE_EQ:KITEX,199.99,2083,0.0,5000000.0,Signal
2025-12-11 15:00:04,BUY,NSE_EQ:63MOONS,760.65,547,0.0,5000000.0,Signal
2025-12-11 15:00:04,BUY,NSE_EQ:POCL,1280.4,325,0.0,5000000.0,Signal
2025-12-11 15:02:39,SELL,NSE_EQ:63MOONS,758.95,547,-929.9,4999070.1,Stop Hit 759.3503033678477
2025-12-11 15:03:26,BUY,NSE_EQ:63MOONS,760.75,547,0.0,5000000.0,Signal
2025-12-11 15:04:56,SELL,NSE_EQ:63MOONS,758.15,547,-1422.2,4998577.8,Stop Hit 759.3503033678477
2025-12-11 15:09:04,SELL,NSE_EQ:POCL,1275.2,325,-1690.0,4998310.0,Stop Hit 1275.2080298705373
2025-12-11 15:10:37,SELL,NSE_EQ:SUVEN,167.85,2485,447.3,5000447.3,Stop Hit 167.87430916891503
2025-12-11 15:11:37,BUY,NSE_EQ:63MOONS,759.65,548,0.0,5000000.0,Signal
2025-12-11 15:12:14,SELL,NSE_EQ:63MOONS,772.85,548,7233.6,5007233.6,Stop Hit 780.4058453514621
2025-12-11 15:15:52,SELL,NSE_EQ:KITEX,200.05,2083,124.98,5000124.98,Stop Hit 200.06607995081794
2025-12-11 15:17:12,BUY,NSE_EQ:POCL,1275.9,326,0.0,5000000.0,Signal
2025-12-11 15:17:13,BUY,NSE_EQ:GOLDIAM,372.45,1118,0.0,5000000.0,Signal
2025-12-11 15:19:25,SELL,NSE_EQ:GOLDIAM,371.75,1118,-782.6,4999217.4,Stop Hit 371.8672926119301
2025-12-11 15:20:05,BUY,NSE_EQ:SUVEN,168.29,2475,0.0,5000000.0,Signal
2025-12-11 15:22:42,BUY,NSE_EQ:GOLDIAM,372.6,1118,0.0,5000000.0,Signal
2025-12-12 09:31:47,SELL,NSE_EQ:GOLDIAM,373.8,1118,1341.6,5001341.6,Stop Hit 374.0019260354691
2025-12-12 09:34:51,SELL,NSE_EQ:MOREPENLAB,41.58,10096,3129.76,5003129.76,Stop Hit 41.580023785060554
2025-12-12 09:39:20,SELL,NSE_EQ:SUVEN,168.18,2475,-272.25,4999727.75,Stop Hit 168.49504768802856
2025-12-12 10:02:25,SELL,NSE_EQ:RELIANCE,1549.3,269,1533.3,5001533.3,Stop Hit 1549.6599334049208
2025-12-12 10:31:37,BUY,NSE_EQ:GOLDIAM,372.8,1117,0.0,5000000.0,Signal
2025-12-12 10:33:34,BUY,NSE_EQ:RELIANCE,1550.4,268,0.0,5000000.0,Signal
2025-12-12 10:41:00,SELL,NSE_EQ:RELIANCE,1548.4,268,-536.0,4999464.0,Stop Hit 1548.6768630945833
2025-12-12 10:49:51,SELL,NSE_EQ:GOLDIAM,371.65,1117,-1284.55,4998715.45,Stop Hit 372.09773808567417
2025-12-12 10:55:17,BUY,NSE_EQ:RELIANCE,1548.7,269,0.0,5000000.0,Signal
2025-12-12 11:06:36,BUY,NSE_EQ:GOLDIAM,372.9,1117,0.0,5000000.0,Signal
2025-12-12 11:18:14,BUY,NSE_EQ:KITEX,196.48,2120,0.0,5000000.0,Signal
2025-12-12 11:33:43,BUY,NSE_EQ:63MOONS,765.75,544,0.0,5000000.0,Signal
2025-12-12 11:40:02,BUY,NSE_EQ:MOREPENLAB,41.19,10115,0.0,5000000.0,Signal
2025-12-12 12:00:17,BUY,NSE_EQ:HCC,17.75,23474,0.0,5000000.0,Signal
2025-12-12 12:18:23,SELL,NSE_EQ:HCC,17.67,23474,-1877.92,4998122.08,Stop Hit 17.68392464069936
2025-12-12 12:24:03,BUY,NSE_EQ:SUVEN,168.09,2478,0.0,5000000.0,Signal
2025-12-12 12:24:43,SELL,NSE_EQ:POCL,1290.6,326,4792.2,5004792.2,Stop Hit 1290.8412255227486
2025-12-12 12:41:18,BUY,NSE_EQ:HCC,17.7,23540,0.0,5000000.0,Signal
2025-12-12 12:44:25,BUY,NSE_EQ:PURVA,245.39,1697,0.0,5000000.0,Signal
2025-12-12 12:45:15,SELL,NSE_EQ:PURVA,244.23,1697,-1968.52,4998031.48,Stop Hit 244.67889441717927
2025-12-12 12:45:26,SELL,NSE_EQ:HCC,17.61,23540,-2118.6,4997881.4,Stop Hit 17.62897557275316
2025-12-12 12:45:56,SELL,NSE_EQ:63MOONS,763.55,544,-1196.8,4998803.2,Stop Hit 764.5944375172753
2025-12-12 18:57:10,SELL,NSE_EQ:GOLDIAM,371.45,1117,-1619.65,4998380.35,Stop Hit 371.4727097744166
2025-12-12 18:57:11,SELL,NSE_EQ:KITEX,194.79,2120,-3582.8,4996417.2,Stop Hit 195.3347906306282
2025-12-15 09:54:37,SELL,NSE_EQ:RELIANCE,1551.4,269,726.3,5000726.3,Stop Hit 1553.35
2025-12-15 09:54:38,SELL,NSE_EQ:MOREPENLAB,41.13,10115,-606.9,4999393.1,Stop Hit 41.38
2025-12-15 10:13:39,SELL,NSE_EQ:SUVEN,173.35,2478,13034.28,5013034.28,Stop Hit 173.77
2025-12-15 10:23:53,BUY,NSE_EQ:PURVA,241.97,1721,0.0,5000000.0,Signal
2025-12-15 10:29:32,BUY,NSE_EQ:RELIANCE,1551.5,268,0.0,5000000.0,Signal
2025-12-15 10:34:56,SELL,NSE_EQ:PURVA,241.24,1721,-1256.33,4998743.67,Stop Hit 241.29
2025-12-15 10:37:30,SELL,NSE_EQ:RELIANCE,1548.6,268,-777.2,4999222.8,Stop Hit 1548.64
2025-12-15 10:40:12,BUY,NSE_EQ:DOLATALGO,84.79,4914,0.0,5000000.0,Signal
2025-12-15 10:41:58,BUY,NSE_EQ:HCC,17.69,23553,0.0,5000000.0,Signal
2025-12-15 10:43:23,BUY,NSE_EQ:MARUTI,16436.0,25,0.0,5000000.0,Signal
2025-12-15 10:43:42,BUY,NSE_EQ:RELIANCE,1550.4,268,0.0,5000000.0,Signal
2025-12-15 10:45:03,BUY,NSE_EQ:MOREPENLAB,41.29,10091,0.0,5000000.0,Signal
2025-12-15 10:49:29,BUY,NSE_EQ:PURVA,241.5,1725,0.0,5000000.0,Signal
2025-12-15 10:56:43,BUY,NSE_EQ:POCL,1311.1,317,0.0,5000000.0,Signal
2025-12-15 11:04:59,SELL,NSE_EQ:POCL,1306.3,317,-1521.6,4998478.4,Stop Hit 1306.87
2025-12-15 11:07:02,BUY,NSE_EQ:KITEX,195.79,2128,0.0,5000000.0,Signal
2025-12-15 11:13:45,BUY,NSE_EQ:POCL,1310.9,317,0.0,5000000.0,Signal
2025-12-15 11:14:00,SELL,NSE_EQ:HCC,17.64,23553,-1177.65,4998822.35,Stop Hit 17.64
2025-12-15 12:56:31,SELL,NSE_EQ:DOLATALGO,84.83,4914,196.56,5000196.56,Stop Hit 85.16
2025-12-15 12:56:32,SELL,NSE_EQ:PURVA,241.18,1725,-552.0,4999448.0,Stop Hit 242.59
2025-12-15 12:56:33,SELL,NSE_EQ:MARUTI,16394.0,25,-1050.0,4998950.0,Stop Hit 16397.99
2025-12-15 12:57:28,SELL,NSE_EQ:KITEX,196.75,2128,2042.88,5002042.88,Stop Hit 196.79
2025-12-15 12:58:44,SELL,NSE_EQ:POCL,1301.6,317,-2948.1,4997051.9,Stop Hit 1302.45
2025-12-15 13:06:49,BUY,NSE_EQ:POCL,1305.5,319,0.0,5000000.0,Signal
2025-12-15 13:09:47,BUY,NSE_EQ:MARUTI,16415.0,25,0.0,5000000.0,Signal
2025-12-15 13:12:15,BUY,NSE_EQ:63MOONS,757.0,550,0.0,5000000.0,Signal
2025-12-15 13:14:23,SELL,NSE_EQ:POCL,1302.1,319,-1084.6,4998915.4,Stop Hit 1302.47
2025-12-15 13:17:21,BUY,NSE_EQ:POCL,1304.3,319,0.0,5000000.0,Signal
2025-12-15 13:57:03,BUY,NSE_EQ:GOLDIAM,371.65,1121,0.0,5000000.0,Signal
2025-12-15 13:57:04,BUY,NSE_EQ:DOLATALGO,84.91,4907,0.0,5000000.0,Signal
2025-12-15 14:02:01,SELL,NSE_EQ:MOREPENLAB,41.43,10091,1412.74,5001412.74,Stop Hit 41.44
2025-12-15 14:07:49,SELL,NSE_EQ:GOLDIAM,373.0,1121,1513.35,5001513.35,Stop Hit 373.29
2025-12-15 14:11:26,SELL,NSE_EQ:RELIANCE,1553.4,268,804.0,5000804.0,Stop Hit 1553.43
2025-12-15 14:11:27,SELL,NSE_EQ:MARUTI,16415.0,25,0.0,5000000.0,Stop Hit 16415.00
2025-12-15 14:13:38,BUY,NSE_EQ:RELIANCE,1554.4,268,0.0,5000000.0,Signal
2025-12-15 14:14:55,BUY,NSE_EQ:MARUTI,16422.0,25,0.0,5000000.0,Signal
2025-12-15 14:16:18,BUY,NSE_EQ:HCC,17.7,23540,0.0,5000000.0,Signal
2025-12-15 14:24:21,SELL,NSE_EQ:63MOONS,757.0,550,0.0,5000000.0,Stop Hit 757.00
2025-12-15 14:24:29,BUY,NSE_EQ:MOREPENLAB,41.53,10032,0.0,5000000.0,Signal
2025-12-15 14:30:46,SELL,NSE_EQ:HCC,17.64,23540,-1412.4,4998587.6,Stop Hit 17.65
2025-12-15 14:32:45,SELL,NSE_EQ:MOREPENLAB,41.43,10032,-1003.2,4998996.8,Stop Hit 41.43
2025-12-15 14:34:14,BUY,NSE_EQ:KITEX,196.61,2119,0.0,5000000.0,Signal
2025-12-15 14:36:53,SELL,NSE_EQ:POCL,1308.1,319,1212.2,5001212.2,Stop Hit 1309.17
2025-12-15 14:40:16,SELL,NSE_EQ:DOLATALGO,85.11,4907,981.4,5000981.4,Stop Hit 85.19
2025-12-15 14:49:46,SELL,NSE_EQ:MARUTI,16410.0,25,-300.0,4999700.0,Stop Hit 16410.07
2025-12-15 14:53:39,BUY,NSE_EQ:MARUTI,16416.0,25,0.0,5000000.0,Signal
2025-12-15 14:54:40,BUY,NSE_EQ:HCC,17.68,23567,0.0,5000000.0,Signal
2025-12-15 15:05:11,SELL,NSE_EQ:HCC,17.62,23567,-1414.02,4998585.98,Stop Hit 17.62
2025-12-15 15:07:14,SELL,NSE_EQ:KITEX,196.6,2119,-21.19,4999978.81,Stop Hit 196.61
2025-12-15 15:07:23,BUY,NSE_EQ:MOREPENLAB,41.48,10045,0.0,5000000.0,Signal
2025-12-15 15:07:50,BUY,NSE_EQ:HCC,17.67,23580,0.0,5000000.0,Signal
2025-12-15 15:08:03,BUY,NSE_EQ:KITEX,196.75,2117,0.0,5000000.0,Signal
2025-12-15 15:09:16,BUY,NSE_EQ:GOLDIAM,372.8,1117,0.0,5000000.0,Signal
2025-12-15 15:12:22,SELL,NSE_EQ:MOREPENLAB,41.46,10045,-200.9,4999799.1,Stop Hit 41.48
2025-12-15 15:15:18,SELL,NSE_EQ:GOLDIAM,371.7,1117,-1228.7,4998771.3,Stop Hit 371.90
2025-12-15 15:17:41,SELL,NSE_EQ:MARUTI,16415.0,25,-25.0,4999975.0,Stop Hit 16416.00
2025-12-15 15:21:13,SELL,NSE_EQ:KITEX,196.69,2117,-127.02,4999872.98,Stop Hit 196.75
2025-12-15 15:28:18,SELL,NSE_EQ:HCC,17.8,23580,3065.4,5003065.4,Stop Hit 17.82
2025-12-15 15:42:08,BUY,NSE_EQ:MARUTI,16415.0,25,0.0,5000000.0,Signal
2025-12-16 09:07:22,SELL,NSE_EQ:RELIANCE,1545.0,268,-2519.2,4997480.8,Stop Hit 1554.96
2025-12-16 09:15:15,SELL,NSE_EQ:MARUTI,16368.0,25,-1175.0,4998825.0,Stop Hit 16415.00
2025-12-16 09:54:53,BUY,NSE_EQ:AARTIIND,374.65,580,0.0,5000000.0,Signal
2025-12-16 10:01:57,SELL,NSE_EQ:AARTIIND,373.35,580,-754.0,4999246.0,Stop Hit 373.43
2025-12-16 10:20:42,BUY,NSE_EQ:MOREPENLAB,41.25,5270,0.0,5000000.0,Signal
2025-12-16 10:29:06,BUY,NSE_EQ:KNRCON,146.33,1485,0.0,5000000.0,Signal
2025-12-16 10:34:05,BUY,NSE_EQ:GOLDIAM,371.9,584,0.0,5000000.0,Signal
2025-12-16 10:34:05,BUY,NSE_EQ:KITEX,194.47,1117,0.0,5000000.0,Signal
2025-12-16 10:37:15,BUY,NSE_EQ:SUPREMEIND,3363.0,64,0.0,5000000.0,Signal
2025-12-16 10:40:48,BUY,NSE_EQ:PURVA,238.94,909,0.0,5000000.0,Signal
2025-12-16 10:44:45,SELL,NSE_EQ:PURVA,239.75,909,736.29,5000736.29,Stop Hit 239.83
2025-12-16 10:50:26,BUY,NSE_EQ:AARTIIND,374.25,580,0.0,5000000.0,Signal
2025-12-16 10:58:17,BUY,NSE_EQ:MARUTI,16379.0,13,0.0,5000000.0,Signal
2025-12-16 10:58:32,SELL,NSE_EQ:GOLDIAM,371.45,584,-262.8,4999737.2,Stop Hit 371.46
2025-12-16 11:02:22,BUY,NSE_EQ:GOLDIAM,371.85,584,0.0,5000000.0,Signal
2025-12-16 11:04:16,BUY,NSE_EQ:ACE,976.15,222,0.0,5000000.0,Signal
2025-12-16 11:06:15,BUY,NSE_EQ:RELIANCE,1541.9,140,0.0,5000000.0,Signal
2025-12-16 11:06:23,SELL,NSE_EQ:KITEX,194.01,1117,-513.82,4999486.18,Stop Hit 194.08
2025-12-16 11:08:15,BUY,NSE_EQ:POCL,1292.2,168,0.0,5000000.0,Signal
2025-12-16 11:08:34,SELL,NSE_EQ:SUPREMEIND,3398.0,64,2240.0,5002240.0,Stop Hit 3398.04
2025-12-16 11:12:18,SELL,NSE_EQ:MOREPENLAB,41.18,5270,-368.9,4999631.1,Stop Hit 41.20
2025-12-16 11:12:19,BUY,NSE_EQ:MOREPENLAB,41.18,5279,0.0,5000000.0,Signal
2025-12-16 11:14:37,BUY,NSE_EQ:DOLATALGO,84.04,2586,0.0,5000000.0,Signal
2025-12-16 11:19:29,SELL,NSE_EQ:AARTIIND,373.7,580,-319.0,4999681.0,Stop Hit 373.70
2025-12-16 11:20:51,SELL,NSE_EQ:MOREPENLAB,41.1,5279,-422.32,4999577.68,Stop Hit 41.11
2025-12-16 11:21:26,SELL,NSE_EQ:POCL,1289.0,168,-537.6,4999462.4,Stop Hit 1289.15
2025-12-16 11:21:36,BUY,NSE_EQ:ASHOKLEY,166.99,1301,0.0,5000000.0,Signal
2025-12-16 11:22:33,SELL,NSE_EQ:GOLDIAM,371.15,584,-408.8,4999591.2,Stop Hit 371.17
2025-12-16 11:26:06,BUY,NSE_EQ:GOLDIAM,371.3,585,0.0,5000000.0,Signal
2025-12-16 11:28:18,BUY,NSE_EQ:63MOONS,760.2,285,0.0,5000000.0,Signal
2025-12-16 11:53:47,BUY,NSE_EQ:INDIGO,4985.0,38,0.0,5000000.0,Signal
2025-12-16 11:53:48,SELL,NSE_EQ:GOLDIAM,370.0,585,-760.5,4999239.5,Stop Hit 370.65
2025-12-16 11:57:22,SELL,NSE_EQ:INDIGO,4975.5,38,-361.0,4999639.0,Stop Hit 4975.54
2025-12-16 11:57:55,BUY,NSE_EQ:AARTIIND,373.4,515,0.0,5000000.0,Signal
2025-12-16 11:58:39,SELL,NSE_EQ:63MOONS,762.65,285,698.25,5000698.25,Stop Hit 763.03
2025-12-16 12:00:16,SELL,NSE_EQ:ACE,978.25,222,466.2,5000466.2,Stop Hit 978.85
2025-12-16 12:01:13,SELL,NSE_EQ:AARTIIND,372.65,515,-386.25,4999613.75,Stop Hit 372.70
2025-12-16 12:05:45,SELL,NSE_EQ:ASHOKLEY,166.75,1301,-312.24,4999687.76,Stop Hit 166.81
2025-12-16 12:05:59,BUY,NSE_EQ:POCL,1287.9,149,0.0,5000000.0,Signal
2025-12-16 12:08:12,BUY,NSE_EQ:INDIGO,4983.5,38,0.0,5000000.0,Signal
2025-12-16 12:12:31,BUY,NSE_EQ:DEEPAKFERT,1247.2,154,0.0,5000000.0,Signal
2025-12-16 12:13:15,SELL,NSE_EQ:DOLATALGO,83.61,2586,-1111.98,4998888.02,Stop Hit 83.70
2025-12-16 12:13:56,BUY,NSE_EQ:NATCOPHARM,921.85,208,0.0,5000000.0,Signal
2025-12-16 12:14:02,SELL,NSE_EQ:DEEPAKFERT,1242.9,154,-662.2,4999337.8,Stop Hit 1244.35
2025-12-16 12:14:12,SELL,NSE_EQ:POCL,1287.0,149,-134.1,4999865.9,Stop Hit 1287.90
2025-12-16 12:15:46,SELL,NSE_EQ:NATCOPHARM,919.1,208,-572.0,4999428.0,Stop Hit 919.66
2025-12-16 12:16:27,BUY,NSE_EQ:POCL,1288.5,149,0.0,5000000.0,Signal
2025-12-16 12:21:55,BUY,NSE_EQ:AARTIIND,373.1,515,0.0,5000000.0,Signal
2025-12-16 12:22:30,BUY,NSE_EQ:GMRAIRPORT,103.56,1856,0.0,5000000.0,Signal
2025-12-16 12:25:48,BUY,NSE_EQ:NATCOPHARM,922.5,208,0.0,5000000.0,Signal
2025-12-16 12:25:48,BUY,NSE_EQ:DOLATALGO,83.8,2294,0.0,5000000.0,Signal
2025-12-16 12:26:18,SELL,NSE_EQ:DOLATALGO,83.51,2294,-665.26,4999334.74,Stop Hit 83.61
2025-12-16 12:28:24,BUY,NSE_EQ:DOLATALGO,83.78,2295,0.0,5000000.0,Signal
2025-12-16 12:32:01,BUY,NSE_EQ:CHAMBLFERT,455.85,421,0.0,5000000.0,Signal
2025-12-16 12:35:02,BUY,NSE_EQ:MOREPENLAB,41.12,4676,0.0,5000000.0,Signal
2025-12-16 12:36:44,SELL,NSE_EQ:RELIANCE,1545.8,140,546.0,5000546.0,Stop Hit 1545.82
2025-12-16 12:37:47,SELL,NSE_EQ:GMRAIRPORT,103.35,1856,-389.76,4999610.24,Stop Hit 103.36
2025-12-16 12:38:02,SELL,NSE_EQ:DOLATALGO,83.53,2295,-573.75,4999426.25,Stop Hit 83.62
2025-12-16 12:38:44,SELL,NSE_EQ:AARTIIND,372.8,515,-154.5,4999845.5,Stop Hit 373.10
2025-12-16 12:38:45,BUY,NSE_EQ:DEEPAKFERT,1244.0,154,0.0,5000000.0,Signal
2025-12-16 12:39:32,BUY,NSE_EQ:MRPL,148.65,1293,0.0,5000000.0,Signal
2025-12-16 12:40:14,BUY,NSE_EQ:DOLATALGO,83.74,2296,0.0,5000000.0,Signal
2025-12-16 12:41:15,SELL,NSE_EQ:CHAMBLFERT,453.85,421,-842.0,4999158.0,Stop Hit 453.99
2025-12-16 12:42:05,SELL,NSE_EQ:DOLATALGO,83.52,2296,-505.12,4999494.88,Stop Hit 83.52
2025-12-16 12:43:06,SELL,NSE_EQ:MRPL,148.21,1293,-568.92,4999431.08,Stop Hit 148.23
2025-12-16 12:43:21,BUY,NSE_EQ:DOLATALGO,83.68,2298,0.0,5000000.0,Signal
2025-12-16 12:43:27,SELL,NSE_EQ:NATCOPHARM,919.05,208,-717.6,4999282.4,Stop Hit 920.57
2025-12-16 12:43:58,SELL,NSE_EQ:DEEPAKFERT,1240.3,154,-569.8,4999430.2,Stop Hit 1240.48
2025-12-16 12:46:00,SELL,NSE_EQ:POCL,1288.4,149,-14.9,4999985.1,Stop Hit 1288.50
2025-12-16 12:46:32,BUY,NSE_EQ:NATCOPHARM,919.85,209,0.0,5000000.0,Signal
2025-12-16 12:47:11,BUY,NSE_EQ:DEEPAKFERT,1242.6,154,0.0,5000000.0,Signal
2025-12-16 12:47:22,BUY,NSE_EQ:AARTIIND,373.2,515,0.0,5000000.0,Signal
2025-12-16 12:47:48,SELL,NSE_EQ:MARUTI,16379.0,13,0.0,5000000.0,Stop Hit 16379.00
2025-12-16 12:50:10,BUY,NSE_EQ:RELIANCE,1544.2,124,0.0,5000000.0,Signal
2025-12-16 12:51:22,BUY,NSE_EQ:POCL,1289.9,149,0.0,5000000.0,Signal
2025-12-16 12:51:42,BUY,NSE_EQ:MARUTI,16385.0,11,0.0,5000000.0,Signal
2025-12-16 12:55:28,SELL,NSE_EQ:RELIANCE,1542.5,124,-210.8,4999789.2,Stop Hit 1542.51
2025-12-16 12:55:40,SELL,NSE_EQ:KNRCON,145.5,1485,-1232.55,4998767.45,Stop Hit 145.55
2025-12-16 12:58:47,BUY,NSE_EQ:KNRCON,145.6,1320,0.0,5000000.0,Signal
2025-12-16 12:59:30,BUY,NSE_EQ:RELIANCE,1543.9,124,0.0,5000000.0,Signal
2025-12-16 13:01:02,BUY,NSE_EQ:KITEX,193.61,993,0.0,5000000.0,Signal
2025-12-16 13:01:06,SELL,NSE_EQ:INDIGO,4983.5,38,0.0,5000000.0,Stop Hit 4983.50
2025-12-16 13:02:07,SELL,NSE_EQ:DEEPAKFERT,1239.0,154,-554.4,4999445.6,Stop Hit 1239.44
2025-12-16 13:02:11,SELL,NSE_EQ:DOLATALGO,83.4,2298,-643.44,4999356.56,Stop Hit 83.55
2025-12-16 13:03:25,SELL,NSE_EQ:KITEX,193.5,993,-109.23,4999890.77,Stop Hit 193.61
2025-12-16 13:05:32,BUY,NSE_EQ:INDIGO,4989.5,38,0.0,5000000.0,Signal
2025-12-16 13:06:48,SELL,NSE_EQ:RELIANCE,1542.1,124,-223.2,4999776.8,Stop Hit 1542.18
2025-12-16 13:07:28,SELL,NSE_EQ:KNRCON,145.4,1320,-264.0,4999736.0,Stop Hit 145.41
2025-12-16 13:08:37,SELL,NSE_EQ:INDIGO,4982.5,38,-266.0,4999734.0,Stop Hit 4982.86
2025-12-16 13:08:47,BUY,NSE_EQ:RELIANCE,1543.8,124,0.0,5000000.0,Signal
2025-12-16 13:09:20,SELL,NSE_EQ:NATCOPHARM,917.8,209,-428.45,4999571.55,Stop Hit 918.38
2025-12-16 13:10:44,SELL,NSE_EQ:MOREPENLAB,41.0,4676,-561.12,4999438.88,Stop Hit 41.01
2025-12-16 13:12:39,BUY,NSE_EQ:INDIGO,4989.0,38,0.0,5000000.0,Signal
2025-12-16 13:13:01,BUY,NSE_EQ:MOREPENLAB,41.06,4683,0.0,5000000.0,Signal
2025-12-16 13:15:36,BUY,NSE_EQ:63MOONS,762.2,252,0.0,5000000.0,Signal
2025-12-16 13:18:33,SELL,NSE_EQ:INDIGO,4982.0,38,-266.0,4999734.0,Stop Hit 4982.89
2025-12-16 13:19:12,SELL,NSE_EQ:RELIANCE,1543.8,124,0.0,5000000.0,Stop Hit 1543.80
2025-12-16 13:20:37,SELL,NSE_EQ:MOREPENLAB,40.99,4683,-327.81,4999672.19,Stop Hit 40.99
2025-12-16 13:20:43,SELL,NSE_EQ:63MOONS,761.0,252,-302.4,4999697.6,Stop Hit 761.28
2025-12-16 13:22:09,SELL,NSE_EQ:MARUTI,16375.0,11,-110.0,4999890.0,Stop Hit 16376.07
2025-12-16 13:25:02,BUY,NSE_EQ:63MOONS,763.0,252,0.0,5000000.0,Signal
2025-12-16 13:28:16,BUY,NSE_EQ:ASHOKLEY,167.28,1149,0.0,5000000.0,Signal
2025-12-16 13:36:46,SELL,NSE_EQ:POCL,1293.0,149,461.9,5000461.9,Stop Hit 1293.02
2025-12-16 13:37:13,SELL,NSE_EQ:AARTIIND,372.95,515,-128.75,4999871.25,Stop Hit 372.96
2025-12-16 13:37:23,BUY,NSE_EQ:MRPL,148.22,1297,0.0,5000000.0,Signal
2025-12-16 13:40:04,BUY,NSE_EQ:AARTIIND,374.0,514,0.0,5000000.0,Signal
2025-12-16 13:42:18,SELL,NSE_EQ:AARTIIND,372.8,514,-616.8,4999383.2,Stop Hit 372.96
2025-12-16 13:45:13,SELL,NSE_EQ:ASHOKLEY,167.48,1149,229.8,5000229.8,Stop Hit 167.52
2025-12-16 13:46:06,BUY,NSE_EQ:INDIGO,4985.0,38,0.0,5000000.0,Signal
2025-12-16 13:47:28,BUY,NSE_EQ:DEEPAKFERT,1238.6,155,0.0,5000000.0,Signal
2025-12-16 13:50:42,SELL,NSE_EQ:INDIGO,4979.0,38,-228.0,4999772.0,Stop Hit 4979.38
2025-12-16 13:55:33,BUY,NSE_EQ:MOREPENLAB,41.08,4681,0.0,5000000.0,Signal
2025-12-16 13:56:55,SELL,NSE_EQ:63MOONS,764.35,252,340.2,5000340.2,Stop Hit 764.47
2025-12-16 13:57:32,BUY,NSE_EQ:ACE,980.85,196,0.0,5000000.0,Signal
2025-12-16 13:57:33,SELL,NSE_EQ:DEEPAKFERT,1236.1,155,-387.5,4999612.5,Stop Hit 1236.45
2025-12-16 13:59:11,SELL,NSE_EQ:MRPL,148.2,1297,-25.94,4999974.06,Stop Hit 148.22
2025-12-16 14:02:13,BUY,NSE_EQ:SUPREMEIND,3410.0,56,0.0,5000000.0,Signal
2025-12-16 14:02:48,BUY,NSE_EQ:MRPL,148.23,1297,0.0,5000000.0,Signal
2025-12-16 14:04:03,BUY,NSE_EQ:INDIGO,4983.5,38,0.0,5000000.0,Signal
2025-12-16 14:07:23,BUY,NSE_EQ:GODREJCP,1181.3,162,0.0,5000000.0,Signal
2025-12-16 14:10:10,BUY,NSE_EQ:BHARTIARTL,2101.4,91,0.0,5000000.0,Signal
2025-12-16 14:10:19,SELL,NSE_EQ:INDIGO,4977.5,38,-228.0,4999772.0,Stop Hit 4978.36
2025-12-16 14:10:23,BUY,NSE_EQ:KITEX,192.95,996,0.0,5000000.0,Signal
2025-12-16 14:14:20,SELL,NSE_EQ:KITEX,192.61,996,-338.64,4999661.36,Stop Hit 192.67
2025-12-16 14:15:19,BUY,NSE_EQ:NATCOPHARM,920.7,208,0.0,5000000.0,Signal
2025-12-16 14:15:23,BUY,NSE_EQ:INDIGO,4980.5,38,0.0,5000000.0,Signal
2025-12-16 14:16:03,BUY,NSE_EQ:PURVA,243.0,791,0.0,5000000.0,Signal
2025-12-16 14:16:53,SELL,NSE_EQ:PURVA,242.41,791,-466.69,4999533.31,Stop Hit 242.51
2025-12-16 14:17:08,BUY,NSE_EQ:DOLATALGO,83.82,2294,0.0,5000000.0,Signal
2025-12-16 14:19:23,BUY,NSE_EQ:PURVA,242.99,791,0.0,5000000.0,Signal
2025-12-16 14:19:51,SELL,NSE_EQ:BHARTIARTL,2098.5,91,-263.9,4999736.1,Stop Hit 2098.69
2025-12-16 14:20:03,SELL,NSE_EQ:GODREJCP,1178.8,162,-405.0,4999595.0,Stop Hit 1179.11
2025-12-16 14:20:18,SELL,NSE_EQ:DOLATALGO,83.59,2294,-527.62,4999472.38,Stop Hit 83.66
2025-12-16 14:20:24,SELL,NSE_EQ:NATCOPHARM,919.2,208,-312.0,4999688.0,Stop Hit 919.21
2025-12-16 14:23:21,BUY,NSE_EQ:KITEX,192.91,996,0.0,5000000.0,Signal
2025-12-16 14:23:22,SELL,NSE_EQ:INDIGO,4973.5,38,-266.0,4999734.0,Stop Hit 4974.67
2025-12-16 14:23:22,SELL,NSE_EQ:SUPREMEIND,3400.0,56,-560.0,4999440.0,Stop Hit 3401.19
2025-12-16 14:25:37,SELL,NSE_EQ:KITEX,192.8,996,-109.56,4999890.44,Stop Hit 192.91
2025-12-16 14:27:31,BUY,NSE_EQ:KNRCON,145.06,1325,0.0,5000000.0,Signal
2025-12-16 14:28:20,SELL,NSE_EQ:PURVA,242.44,791,-435.05,4999564.95,Stop Hit 242.54
2025-12-16 14:31:17,BUY,NSE_EQ:NATCOPHARM,920.4,208,0.0,5000000.0,Signal
2025-12-16 14:31:33,SELL,NSE_EQ:MOREPENLAB,40.93,4681,-702.15,4999297.85,Stop Hit 40.94
2025-12-16 14:34:12,SELL,NSE_EQ:ACE,978.55,196,-450.8,4999549.2,Stop Hit 978.74
2025-12-16 14:34:34,BUY,NSE_EQ:PURVA,242.74,792,0.0,5000000.0,Signal
2025-12-16 14:35:21,SELL,NSE_EQ:PURVA,242.3,792,-348.48,4999651.52,Stop Hit 242.40
2025-12-16 14:35:31,BUY,NSE_EQ:BHARTIARTL,2101.2,91,0.0,5000000.0,Signal
2025-12-16 14:35:33,BUY,NSE_EQ:PURVA,242.99,791,0.0,5000000.0,Signal
2025-12-16 14:36:06,BUY,NSE_EQ:GOLDIAM,372.85,515,0.0,5000000.0,Signal
2025-12-16 14:43:27,SELL,NSE_EQ:KNRCON,144.83,1325,-304.75,4999695.25,Stop Hit 144.87
2025-12-16 14:43:44,SELL,NSE_EQ:MRPL,149.09,1297,1115.42,5001115.42,Stop Hit 149.10
2025-12-16 14:46:21,BUY,NSE_EQ:KNRCON,145.0,1326,0.0,5000000.0,Signal
2025-12-16 14:47:53,BUY,NSE_EQ:RELIANCE,1545.8,124,0.0,5000000.0,Signal
2025-12-16 14:48:30,SELL,NSE_EQ:GOLDIAM,372.1,515,-386.25,4999613.75,Stop Hit 372.30
2025-12-16 14:48:57,SELL,NSE_EQ:RELIANCE,1543.7,124,-260.4,4999739.6,Stop Hit 1543.73
2025-12-16 14:49:29,BUY,NSE_EQ:MOREPENLAB,41.01,4689,0.0,5000000.0,Signal
2025-12-16 14:50:24,BUY,NSE_EQ:INDIGO,4975.5,38,0.0,5000000.0,Signal
2025-12-16 14:52:50,BUY,NSE_EQ:RELIANCE,1545.4,124,0.0,5000000.0,Signal
2025-12-16 14:53:50,SELL,NSE_EQ:RELIANCE,1543.0,124,-297.6,4999702.4,Stop Hit 1543.18
2025-12-16 14:56:47,BUY,NSE_EQ:RELIANCE,1545.2,124,0.0,5000000.0,Signal
2025-12-16 14:59:45,BUY,NSE_EQ:CHAMBLFERT,446.7,430,0.0,5000000.0,Signal
2025-12-16 15:01:18,SELL,NSE_EQ:KNRCON,144.5,1326,-663.0,4999337.0,Stop Hit 145.00
2025-12-16 15:01:44,SELL,NSE_EQ:BHARTIARTL,2098.8,91,-218.4,4999781.6,Stop Hit 2098.97
2025-12-16 15:02:15,SELL,NSE_EQ:RELIANCE,1542.6,124,-322.4,4999677.6,Stop Hit 1542.69
2025-12-16 15:04:15,BUY,NSE_EQ:SUVEN,172.75,1113,0.0,5000000.0,Signal
2025-12-16 15:04:19,SELL,NSE_EQ:PURVA,242.34,791,-514.15,4999485.85,Stop Hit 242.36
2025-12-16 15:05:10,BUY,NSE_EQ:PURVA,242.74,792,0.0,5000000.0,Signal
2025-12-16 15:05:32,SELL,NSE_EQ:PURVA,242.15,792,-467.28,4999532.72,Stop Hit 242.16
2025-12-16 15:05:50,BUY,NSE_EQ:PURVA,242.6,792,0.0,5000000.0,Signal
2025-12-16 15:06:46,SELL,NSE_EQ:PURVA,242.07,792,-419.76,4999580.24,Stop Hit 242.16
2025-12-16 15:06:50,BUY,NSE_EQ:BHARTIARTL,2101.8,91,0.0,5000000.0,Signal
2025-12-16 15:07:04,BUY,NSE_EQ:PURVA,242.63,792,0.0,5000000.0,Signal
2025-12-16 15:07:42,SELL,NSE_EQ:SUVEN,172.57,1113,-200.34,4999799.66,Stop Hit 172.58
2025-12-16 15:08:25,BUY,NSE_EQ:RELIANCE,1544.5,124,0.0,5000000.0,Signal
2025-12-16 15:08:48,SELL,NSE_EQ:CHAMBLFERT,445.3,430,-602.0,4999398.0,Stop Hit 445.41
2025-12-16 15:09:18,SELL,NSE_EQ:RELIANCE,1541.8,124,-334.8,4999665.2,Stop Hit 1541.94
2025-12-16 15:12:09,SELL,NSE_EQ:MOREPENLAB,41.0,4689,-46.89,4999953.11,Stop Hit 41.01
2025-12-16 15:12:41,BUY,NSE_EQ:CHAMBLFERT,446.7,430,0.0,5000000.0,Signal
2025-12-16 15:13:32,BUY,NSE_EQ:RELIANCE,1542.5,124,0.0,5000000.0,Signal
2025-12-16 15:14:27,BUY,NSE_EQ:ACE,978.25,196,0.0,5000000.0,Signal
2025-12-16 15:14:39,SELL,NSE_EQ:ACE,976.0,196,-441.0,4999559.0,Stop Hit 976.40
2025-12-16 15:15:13,BUY,NSE_EQ:AARTIIND,372.9,515,0.0,5000000.0,Signal
2025-12-16 15:15:19,SELL,NSE_EQ:NATCOPHARM,922.6,208,457.6,5000457.6,Stop Hit 923.65
2025-12-16 15:16:12,SELL,NSE_EQ:CHAMBLFERT,445.3,430,-602.0,4999398.0,Stop Hit 445.36
2025-12-16 15:16:55,BUY,NSE_EQ:BHAGCHEM,231.0,832,0.0,5000000.0,Signal
2025-12-16 15:17:42,SELL,NSE_EQ:BHAGCHEM,229.82,832,-981.76,4999018.24,Stop Hit 230.58
2025-12-16 15:18:57,SELL,NSE_EQ:PURVA,241.72,792,-720.72,4999279.28,Stop Hit 242.10
2025-12-16 15:21:14,SELL,NSE_EQ:INDIGO,4969.0,38,-247.0,4999753.0,Stop Hit 4969.53
2025-12-16 15:22:03,SELL,NSE_EQ:RELIANCE,1539.6,124,-359.6,4999640.4,Stop Hit 1539.70
2025-12-16 15:22:10,SELL,NSE_EQ:AARTIIND,372.25,515,-334.75,4999665.25,Stop Hit 372.28
2025-12-16 15:23:33,BUY,NSE_EQ:RELIANCE,1542.4,124,0.0,5000000.0,Signal
2025-12-16 15:26:57,BUY,NSE_EQ:PURVA,242.73,792,0.0,5000000.0,Signal
2025-12-16 15:27:54,BUY,NSE_EQ:BHAGCHEM,231.0,832,0.0,5000000.0,Signal
2025-12-16 15:28:08,SELL,NSE_EQ:PURVA,240.56,792,-1718.64,4998281.36,Stop Hit 241.35
2025-12-16 15:28:19,SELL,NSE_EQ:BHAGCHEM,231.0,832,0.0,5000000.0,Stop Hit 231.00
2025-12-16 15:28:21,BUY,NSE_EQ:BHAGCHEM,231.0,832,0.0,5000000.0,Signal
2025-12-16 15:28:53,SELL,NSE_EQ:BHAGCHEM,228.01,832,-2487.68,4997512.32,Stop Hit 231.00
2025-12-16 15:40:30,BUY,NSE_EQ:INDIGO,4974.0,38,0.0,5000000.0,Signal
2025-12-17 09:15:39,BUY,NSE_EQ:DOLATALGO,84.49,2276,0.0,5000000.0,Signal
2025-12-17 09:15:41,BUY,NSE_EQ:KNRCON,144.76,1328,0.0,5000000.0,Signal
2025-12-17 09:16:04,SELL,NSE_EQ:KNRCON,144.07,1328,-916.32,4999083.68,Stop Hit 144.44
2025-12-17 09:16:19,SELL,NSE_EQ:DOLATALGO,84.12,2276,-842.12,4999157.88,Stop Hit 84.23
2025-12-17 09:16:35,SELL,NSE_EQ:BHARTIARTL,2115.7,91,1264.9,5001264.9,Stop Hit 2124.43
2025-12-17 09:16:47,SELL,NSE_EQ:INDIGO,4986.0,38,456.0,5000456.0,Stop Hit 4987.23
2025-12-17 09:17:23,BUY,NSE_EQ:KNRCON,144.86,1327,0.0,5000000.0,Signal
2025-12-17 09:19:14,BUY,NSE_EQ:KITEX,190.64,1008,0.0,5000000.0,Signal
2025-12-17 09:20:33,BUY,NSE_EQ:63MOONS,758.2,253,0.0,5000000.0,Signal
2025-12-17 09:24:47,BUY,NSE_EQ:DEEPAKFERT,1224.7,136,0.0,5000000.0,Signal
2025-12-17 09:26:53,BUY,NSE_EQ:SUVEN,173.7,959,0.0,5000000.0,Signal
2025-12-17 09:27:23,BUY,NSE_EQ:NATCOPHARM,921.35,180,0.0,5000000.0,Signal
2025-12-17 09:29:52,SELL,NSE_EQ:NATCOPHARM,916.0,180,-963.0,4999037.0,Stop Hit 917.85
2025-12-17 09:33:15,BUY,NSE_EQ:CHAMBLFERT,445.35,374,0.0,5000000.0,Signal
2025-12-17 09:35:24,SELL,NSE_EQ:CHAMBLFERT,450.25,374,1832.6,5001832.6,Stop Hit 450.26
2025-12-17 09:43:28,SELL,NSE_EQ:SUVEN,172.17,959,-1467.27,4998532.73,Stop Hit 172.53
2025-12-17 09:46:44,SELL,NSE_EQ:KITEX,189.66,1008,-987.84,4999012.16,Stop Hit 189.73
2025-12-17 09:52:27,SELL,NSE_EQ:63MOONS,760.6,253,607.2,5000607.2,Stop Hit 760.61
2025-12-17 09:53:53,SELL,NSE_EQ:KNRCON,144.32,1327,-716.58,4999283.42,Stop Hit 144.36
2025-12-17 09:55:23,BUY,NSE_EQ:KNRCON,144.62,1152,0.0,5000000.0,Signal
2025-12-17 11:04:49,SELL,NSE_EQ:KNRCON,143.57,1152,-1209.6,4998790.4,Stop Hit 144.05
2025-12-17 11:06:26,BUY,NSE_EQ:ASAHISONG,297.35,560,0.0,5000000.0,Signal
2025-12-17 11:06:40,SELL,NSE_EQ:RELIANCE,1541.3,124,-136.4,4999863.6,Stop Hit 1541.41
2025-12-17 11:07:17,BUY,NSE_EQ:RELIANCE,1542.4,108,0.0,5000000.0,Signal
2025-12-17 11:07:17,BUY,NSE_EQ:ASHOKLEY,165.96,1004,0.0,5000000.0,Signal
2025-12-17 11:07:18,SELL,NSE_EQ:DEEPAKFERT,1216.8,136,-1074.4,4998925.6,Stop Hit 1216.96
2025-12-17 11:10:48,BUY,NSE_EQ:NATCOPHARM,924.65,180,0.0,5000000.0,Signal
2025-12-17 11:13:17,BUY,NSE_EQ:AARTIIND,365.7,455,0.0,5000000.0,Signal
2025-12-17 11:14:29,BUY,NSE_EQ:PURVA,239.12,697,0.0,5000000.0,Signal
2025-12-17 11:17:53,BUY,NSE_EQ:KNRCON,144.05,1157,0.0,5000000.0,Signal
2025-12-17 11:18:39,BUY,NSE_EQ:DEEPAKFERT,1220.2,136,0.0,5000000.0,Signal
2025-12-17 11:18:42,BUY,NSE_EQ:GMRAIRPORT,102.64,1623,0.0,5000000.0,Signal
2025-12-17 11:22:29,BUY,NSE_EQ:MARUTI,16417.0,10,0.0,5000000.0,Signal
2025-12-17 11:25:19,BUY,NSE_EQ:INDIGO,4968.5,33,0.0,5000000.0,Signal
2025-12-17 11:26:54,SELL,NSE_EQ:GMRAIRPORT,102.4,1623,-389.52,4999610.48,Stop Hit 102.41
2025-12-17 11:30:18,SELL,NSE_EQ:RELIANCE,1540.5,108,-205.2,4999794.8,Stop Hit 1540.65
2025-12-17 11:30:36,SELL,NSE_EQ:KNRCON,143.58,1157,-543.79,4999456.21,Stop Hit 143.70
2025-12-17 11:32:42,BUY,NSE_EQ:GMRAIRPORT,102.39,1627,0.0,5000000.0,Signal
2025-12-17 11:33:04,SELL,NSE_EQ:MARUTI,16393.0,10,-240.0,4999760.0,Stop Hit 16397.32
2025-12-17 11:33:15,SELL,NSE_EQ:PURVA,239.1,697,-13.94,4999986.06,Stop Hit 239.12
2025-12-17 11:34:36,SELL,NSE_EQ:AARTIIND,365.2,455,-227.5,4999772.5,Stop Hit 365.23
2025-12-17 11:35:19,BUY,NSE_EQ:BHARTIARTL,2101.0,79,0.0,5000000.0,Signal
2025-12-17 11:35:55,BUY,NSE_EQ:BHAGCHEM,227.3,733,0.0,5000000.0,Signal
2025-12-17 11:36:53,BUY,NSE_EQ:RELIANCE,1541.5,108,0.0,5000000.0,Signal
2025-12-17 11:37:09,BUY,NSE_EQ:KNRCON,143.79,1159,0.0,5000000.0,Signal
2025-12-17 11:37:09,BUY,NSE_EQ:AMNPLST,224.32,742,0.0,5000000.0,Signal
2025-12-17 11:39:10,SELL,NSE_EQ:DEEPAKFERT,1217.0,136,-435.2,4999564.8,Stop Hit 1217.53
2025-12-17 11:39:15,BUY,NSE_EQ:MARUTI,16410.0,10,0.0,5000000.0,Signal
2025-12-17 11:39:42,BUY,NSE_EQ:GOLDIAM,370.45,449,0.0,5000000.0,Signal
2025-12-17 11:43:19,BUY,NSE_EQ:DEEPAKFERT,1218.2,136,0.0,5000000.0,Signal
2025-12-17 11:47:10,BUY,NSE_EQ:HCC,18.04,9238,0.0,5000000.0,Signal
2025-12-17 11:47:47,BUY,NSE_EQ:63MOONS,752.0,221,0.0,5000000.0,Signal
2025-12-17 11:50:40,BUY,NSE_EQ:POCL,1277.2,130,0.0,5000000.0,Signal
2025-12-17 11:50:40,BUY,NSE_EQ:GODREJCP,1179.1,141,0.0,5000000.0,Signal
2025-12-17 11:52:19,BUY,NSE_EQ:MOREPENLAB,40.35,4130,0.0,5000000.0,Signal
2025-12-17 11:52:30,SELL,NSE_EQ:GODREJCP,1177.0,141,-296.1,4999703.9,Stop Hit 1177.21
2025-12-17 11:53:09,SELL,NSE_EQ:RELIANCE,1542.3,108,86.4,5000086.4,Stop Hit 1542.32
2025-12-17 11:53:16,SELL,NSE_EQ:POCL,1273.9,130,-429.0,4999571.0,Stop Hit 1274.39
2025-12-17 11:55:39,BUY,NSE_EQ:KITEX,186.63,893,0.0,5000000.0,Signal
2025-12-17 11:55:40,BUY,NSE_EQ:MRPL,148.41,1123,0.0,5000000.0,Signal
2025-12-17 11:56:56,SELL,NSE_EQ:ASHOKLEY,165.96,1004,0.0,5000000.0,Stop Hit 165.96
2025-12-17 11:58:39,BUY,NSE_EQ:POCL,1275.0,130,0.0,5000000.0,Signal
2025-12-17 11:58:50,BUY,NSE_EQ:ACE,952.9,174,0.0,5000000.0,Signal
2025-12-17 11:59:13,SELL,NSE_EQ:GMRAIRPORT,102.21,1627,-292.86,4999707.14,Stop Hit 102.21
2025-12-17 12:00:16,BUY,NSE_EQ:AARTIIND,365.3,456,0.0,5000000.0,Signal
2025-12-17 12:00:39,SELL,NSE_EQ:POCL,1271.2,130,-494.0,4999506.0,Stop Hit 1271.75
2025-12-17 12:01:02,SELL,NSE_EQ:ASAHISONG,297.35,560,0.0,5000000.0,Stop Hit 297.35
2025-12-17 12:01:20,BUY,NSE_EQ:CHAMBLFERT,443.5,375,0.0,5000000.0,Signal
2025-12-17 12:02:08,SELL,NSE_EQ:63MOONS,749.15,221,-629.85,4999370.15,Stop Hit 750.44
2025-12-17 12:04:53,SELL,NSE_EQ:HCC,17.91,9238,-1200.94,4998799.06,Stop Hit 17.91
2025-12-17 12:06:47,BUY,NSE_EQ:63MOONS,751.65,221,0.0,5000000.0,Signal
2025-12-17 12:07:01,SELL,NSE_EQ:ACE,951.4,174,-261.0,4999739.0,Stop Hit 951.47
2025-12-17 12:07:05,SELL,NSE_EQ:KNRCON,143.78,1159,-11.59,4999988.41,Stop Hit 143.79
2025-12-17 12:07:43,SELL,NSE_EQ:63MOONS,749.95,221,-375.7,4999624.3,Stop Hit 750.04
2025-12-17 12:09:37,SELL,NSE_EQ:BHARTIARTL,2097.1,79,-308.1,4999691.9,Stop Hit 2097.23
2025-12-17 12:10:58,SELL,NSE_EQ:GOLDIAM,369.25,449,-538.8,4999461.2,Stop Hit 369.48
2025-12-17 12:11:09,BUY,NSE_EQ:BHARTIARTL,2100.9,79,0.0,5000000.0,Signal
2025-12-17 12:14:07,SELL,NSE_EQ:BHAGCHEM,226.4,733,-659.7,4999340.3,Stop Hit 226.94
2025-12-17 12:15:42,SELL,NSE_EQ:AARTIIND,365.95,456,296.4,5000296.4,Stop Hit 366.88
2025-12-17 12:15:49,BUY,NSE_EQ:ACE,952.8,174,0.0,5000000.0,Signal
2025-12-17 12:17:40,BUY,NSE_EQ:ASAHISONG,299.55,556,0.0,5000000.0,Signal
2025-12-17 12:21:24,BUY,NSE_EQ:SUPREMEIND,3334.6,49,0.0,5000000.0,Signal
2025-12-17 12:25:36,SELL,NSE_EQ:MOREPENLAB,40.25,4130,-413.0,4999587.0,Stop Hit 40.26
2025-12-17 12:26:24,SELL,NSE_EQ:MARUTI,16398.0,10,-120.0,4999880.0,Stop Hit 16398.18
2025-12-17 12:28:13,SELL,NSE_EQ:ACE,951.1,174,-295.8,4999704.2,Stop Hit 951.22
2025-12-17 12:28:20,BUY,NSE_EQ:GODREJCP,1176.2,141,0.0,5000000.0,Signal
2025-12-17 12:28:29,SELL,NSE_EQ:DEEPAKFERT,1216.2,136,-272.0,4999728.0,Stop Hit 1216.21
2025-12-17 12:31:12,BUY,NSE_EQ:NIRAJ,36.77,4532,0.0,5000000.0,Signal
2025-12-17 12:31:31,BUY,NSE_EQ:ACE,951.7,175,0.0,5000000.0,Signal
2025-12-17 12:31:42,BUY,NSE_EQ:MARUTI,16399.0,10,0.0,5000000.0,Signal
2025-12-17 12:34:20,SELL,NSE_EQ:CHAMBLFERT,442.6,375,-337.5,4999662.5,Stop Hit 442.61
2025-12-17 12:36:12,SELL,NSE_EQ:KITEX,186.0,893,-562.59,4999437.41,Stop Hit 186.03
2025-12-17 12:37:10,BUY,NSE_EQ:POCL,1273.3,130,0.0,5000000.0,Signal
2025-12-17 12:37:20,BUY,NSE_EQ:DEEPAKFERT,1216.9,136,0.0,5000000.0,Signal
2025-12-17 12:38:39,SELL,NSE_EQ:MRPL,148.39,1123,-22.46,4999977.54,Stop Hit 148.41
2025-12-17 12:40:30,BUY,NSE_EQ:MRPL,148.4,1123,0.0,5000000.0,Signal
2025-12-17 12:40:59,SELL,NSE_EQ:GODREJCP,1174.5,141,-239.7,4999760.3,Stop Hit 1174.63
2025-12-17 12:41:06,SELL,NSE_EQ:DEEPAKFERT,1215.0,136,-258.4,4999741.6,Stop Hit 1215.06
2025-12-17 12:41:15,BUY,NSE_EQ:CHAMBLFERT,443.0,376,0.0,5000000.0,Signal
2025-12-17 12:42:03,SELL,NSE_EQ:POCL,1270.4,130,-377.0,4999623.0,Stop Hit 1270.52
2025-12-17 12:44:30,BUY,NSE_EQ:63MOONS,750.7,222,0.0,5000000.0,Signal
2025-12-17 12:46:40,BUY,NSE_EQ:DEEPAKFERT,1215.8,137,0.0,5000000.0,Signal
2025-12-17 12:48:55,SELL,NSE_EQ:MARUTI,16385.0,10,-140.0,4999860.0,Stop Hit 16385.64
2025-12-17 12:52:02,BUY,NSE_EQ:MARUTI,16398.0,10,0.0,5000000.0,Signal
2025-12-17 12:54:01,SELL,NSE_EQ:AMNPLST,226.12,742,1335.6,5001335.6,Stop Hit 226.35
2025-12-17 12:54:06,SELL,NSE_EQ:BHARTIARTL,2104.9,79,316.0,5000316.0,Stop Hit 2105.60
2025-12-17 12:55:44,SELL,NSE_EQ:INDIGO,4969.5,33,33.0,5000033.0,Stop Hit 4969.83
2025-12-17 12:59:10,BUY,NSE_EQ:GODREJCP,1174.9,141,0.0,5000000.0,Signal
2025-12-17 13:00:30,BUY,NSE_EQ:POCL,1271.5,131,0.0,5000000.0,Signal
2025-12-17 13:03:27,BUY,NSE_EQ:BHARTIARTL,2103.0,79,0.0,5000000.0,Signal
2025-12-17 13:04:30,BUY,NSE_EQ:AMNPLST,225.5,739,0.0,5000000.0,Signal
2025-12-17 13:05:11,SELL,NSE_EQ:MRPL,149.28,1123,988.24,5000988.24,Stop Hit 149.52
2025-12-17 13:05:20,SELL,NSE_EQ:ACE,950.25,175,-253.75,4999746.25,Stop Hit 950.44
2025-12-17 13:07:30,BUY,NSE_EQ:ASHOKLEY,165.35,1007,0.0,5000000.0,Signal
2025-12-17 13:10:25,SELL,NSE_EQ:MARUTI,16386.0,10,-120.0,4999880.0,Stop Hit 16386.32
2025-12-17 13:10:54,SELL,NSE_EQ:NIRAJ,37.5,4532,3308.36,5003308.36,Stop Hit 37.56
2025-12-17 13:16:31,SELL,NSE_EQ:NATCOPHARM,924.0,180,-117.0,4999883.0,Stop Hit 924.65
2025-12-17 13:17:10,BUY,NSE_EQ:GMRAIRPORT,101.77,1637,0.0,5000000.0,Signal
2025-12-17 13:18:57,SELL,NSE_EQ:GMRAIRPORT,101.63,1637,-229.18,4999770.82,Stop Hit 101.64
2025-12-17 13:19:10,BUY,NSE_EQ:NATCOPHARM,924.9,180,0.0,5000000.0,Signal
2025-12-17 13:20:20,BUY,NSE_EQ:MARUTI,16400.0,10,0.0,5000000.0,Signal
2025-12-17 13:22:31,BUY,NSE_EQ:AARTIIND,365.0,456,0.0,5000000.0,Signal
2025-12-17 13:23:04,SELL,NSE_EQ:MARUTI,16385.0,10,-150.0,4999850.0,Stop Hit 16385.42
2025-12-17 13:25:11,SELL,NSE_EQ:AMNPLST,224.01,739,-1101.11,4998898.89,Stop Hit 224.07
2025-12-17 13:25:13,SELL,NSE_EQ:ASAHISONG,300.15,556,333.6,5000333.6,Stop Hit 300.78
2025-12-17 13:25:55,SELL,NSE_EQ:63MOONS,748.1,222,-577.2,4999422.8,Stop Hit 748.83
2025-12-17 13:26:01,BUY,NSE_EQ:MARUTI,16392.0,10,0.0,5000000.0,Signal
2025-12-17 13:26:38,SELL,NSE_EQ:SUPREMEIND,3357.9,49,1141.7,5001141.7,Stop Hit 3359.46
2025-12-17 13:28:10,BUY,NSE_EQ:KNRCON,143.0,1165,0.0,5000000.0,Signal
2025-12-17 13:29:26,BUY,NSE_EQ:KITEX,186.14,895,0.0,5000000.0,Signal
2025-12-17 13:30:04,BUY,NSE_EQ:GOLDIAM,369.15,451,0.0,5000000.0,Signal
2025-12-17 13:30:58,SELL,NSE_EQ:BHARTIARTL,2103.0,79,0.0,5000000.0,Stop Hit 2103.00
2025-12-17 13:31:10,BUY,NSE_EQ:MOREPENLAB,40.12,4154,0.0,5000000.0,Signal
2025-12-17 13:31:37,SELL,NSE_EQ:GOLDIAM,368.5,451,-293.15,4999706.85,Stop Hit 368.57
2025-12-17 13:33:21,SELL,NSE_EQ:DEEPAKFERT,1213.8,137,-274.0,4999726.0,Stop Hit 1213.93
2025-12-17 13:34:00,BUY,NSE_EQ:DEEPAKFERT,1215.0,137,0.0,5000000.0,Signal
2025-12-17 13:35:48,SELL,NSE_EQ:DEEPAKFERT,1212.4,137,-356.2,4999643.8,Stop Hit 1212.88
